wt_nt	position	mut_nt	fitness
A	1	T	-4.0308
A	1	C	-4.2807
A	1	G	-1.8078
T	2	A	-3.9522
T	2	C	-1.7404
T	2	G	-3.6658
G	3	A	-1.8063
G	3	C	-2.9478
C	4	T	0.7239
C	4	G	0.0527
C	5	T	-0.9939
C	5	G	-0.4053
C	6	T	0.2633
C	6	G	0.0341
C	7	G	-0.5208
C	7	T	0.1737
T	8	A	-1.2005
T	8	C	-0.3962
T	8	G	-1.1527
A	9	T	0.1299
A	9	C	0.2782
A	9	G	0.5735
T	10	G	-0.8295
T	10	A	-0.2162
T	10	C	-0.2116
C	11	T	-1.073
C	11	G	-1.0642
T	12	G	0.293
T	12	C	0.5186
T	12	A	0.2395
T	13	G	-3.5876
T	13	A	-3.25
T	13	C	0.4287
A	14	G	0.9069
A	14	T	-0.2276
A	14	C	-1.1161
T	15	C	0.2759
T	15	A	-3.9929
T	15	G	-3.7964
C	16	T	-1.7409
C	16	G	-0.6592
A	17	G	0.5134
A	17	T	-0.076
A	17	C	-0.5527
A	18	G	0.6246
A	18	T	0.1606
A	18	C	0.0259
C	19	G	0.3672
C	19	T	0.5753
A	20	T	-0.306
A	20	G	0.3419
A	20	C	-1.1575
C	21	T	-0.0465
C	21	G	0.2838
T	22	C	0.6913
T	22	A	-0.227
T	22	G	-0.3168
T	23	C	-0.1839
T	23	A	-2.1183
T	23	G	-2.8673
C	24	G	0.1781
C	24	T	0.0549
C	25	G	-0.8557
C	25	T	0.0095
G	26	A	0.7902
G	26	C	-1.6124
G	27	A	0.3739
G	27	C	0.0948
A	28	T	-3.4924
A	28	C	0.0093
A	28	G	0.4319
A	29	T	-2.4951
A	29	G	-0.0025
A	29	C	-0.7655
A	30	T	-0.5365
A	30	C	-0.5221
A	30	G	0.2322
C	31	T	0.2924
C	31	G	-1.0383
T	32	G	-2.4221
T	32	C	0.2685
T	32	A	-1.3903
A	33	G	0.5358
A	33	T	0.4522
A	33	C	0.0761
C	34	T	0.6949
C	34	G	-1.3143
T	35	G	-2.5273
T	35	A	-1.9724
T	35	C	0.72
G	36	C	0.1126
G	36	A	0.3469
T	37	C	0.1342
T	37	A	-0.2322
T	37	G	-1.5247
T	38	C	-0.6562
T	38	A	-4.394
T	38	G	-0.6506
G	39	A	0.1064
G	39	C	-0.8196
T	40	G	-1.4391
T	40	A	-0.3548
T	40	C	0.5979
T	41	C	-1.1372
T	41	A	-4.5284
T	41	G	-4.6457
A	42	G	1.2877
A	42	T	-2.0687
A	42	C	-1.0743
G	43	C	-0.8059
G	43	A	-0.0773
A	44	T	-0.7029
A	44	C	-0.7932
A	44	G	0.3798
C	45	T	0.131
C	45	G	0.0782
G	46	A	1.1927
G	46	C	0.339
A	47	C	0.0416
A	47	T	-0.5539
A	47	G	0.7628
C	48	T	0.943
C	48	G	0.116
G	49	C	0.174
G	49	A	1.1117
G	50	A	0.329
G	50	C	0.2988
G	51	C	-0.6925
G	51	A	0.5695
A	52	T	-0.2749
A	52	C	-0.158
A	52	G	0.7823
C	53	T	0.4717
C	53	G	-0.4722
C	54	G	-0.3203
C	54	T	0.5594
G	55	C	-0.054
G	55	A	0.1733
A	56	C	-0.1318
A	56	T	-0.0849
A	56	G	0.7236
G	57	C	0.3882
G	57	A	0.2366
G	58	C	-0.135
G	58	A	1.2035
C	59	T	1.1629
C	59	G	0.319
A	60	T	1.4199
A	60	C	2.4876
A	60	G	1.1113
G	61	A	1.0703
G	61	C	-0.1925
G	62	A	1.0112
G	62	C	-0.1821
T	63	A	0.1801
T	63	G	-0.1221
T	63	C	2.5861
C	64	G	0.1624
C	64	T	0.6746
C	65	T	0.9524
C	65	G	0.1035
C	66	G	0.2272
C	66	T	0.6597
C	67	G	-0.9063
C	67	T	0.2118
T	68	A	-1.8385
T	68	G	-2.9465
T	68	C	-0.2291
A	69	G	1.1251
A	69	T	0.2922
A	69	C	-0.0421
G	70	C	-1.2023
G	70	A	-2.1964
A	71	G	-1.1639
A	71	C	-1.5201
A	71	T	-0.9778
A	72	C	-1.0068
A	72	G	1.1063
A	72	T	-1.2532
G	73	C	-0.4333
G	73	A	-0.3289
A	74	T	-0.3111
A	74	G	-0.75
A	74	C	-0.5076
A	75	T	-0.4041
A	75	C	-0.2763
A	75	G	0.8998
G	76	A	-0.1071
G	76	C	-0.0631
A	77	T	0.2606
A	77	G	0.0524
A	77	C	-0.2135
A	78	G	1.1922
A	78	C	-0.5931
A	78	T	-0.3555
C	79	T	-0.787
C	79	G	-3.8774
T	80	G	-3.6594
T	80	C	-0.3374
T	80	A	-3.1207
C	81	G	0.1188
C	81	T	0.5375
C	82	T	0.0336
C	82	G	-0.3163
C	83	G	-2.6915
C	83	T	0.4298
T	84	G	0.1844
T	84	A	0.2709
T	84	C	0.6265
C	85	T	0.4002
C	85	G	-1.1098
G	86	C	-1.1309
G	86	A	0.6248
C	87	G	0.0253
C	87	T	1.0073
C	88	G	-3.1986
C	88	T	-1.163
T	89	G	-2.1657
T	89	C	-0.8604
T	89	A	-3.3276
C	90	G	0.0732
C	90	T	0.5505
G	91	A	-0.0899
G	91	C	-2.4543
C	92	G	-1.4668
C	92	T	-0.245
A	93	T	0.1982
A	93	G	0.8878
A	93	C	0.9536
G	94	C	-1.2204
G	94	A	-0.1834
A	95	T	-3.2521
A	95	C	-1.4497
A	95	G	-0.163
C	96	T	0.5431
C	96	G	-0.9868
G	97	A	0.421
G	97	C	0.1497
C	98	G	-0.5146
C	98	T	-0.0102
A	99	G	0.8469
A	99	C	0.4997
A	99	T	0.3845
G	100	C	-0.9334
G	100	A	-0.0483
A	101	C	-0.4205
A	101	T	-0.7643
A	101	G	-0.1587
T	102	G	0.1543
T	102	C	0.1526
T	102	A	-0.0519
C	103	T	0.2418
C	103	G	-0.8477
T	104	A	-0.989
T	104	C	-0.2225
T	104	G	-1.4964
C	105	T	1.1705
C	105	G	0.0233
A	106	C	-2.3485
A	106	G	-0.9819
A	106	T	-3.5413
A	107	T	-2.7553
A	107	C	-2.4797
A	107	G	-0.8689
T	108	C	-0.1546
T	108	A	-4.2275
T	108	G	-4.3129
C	109	T	0.9698
C	109	G	-0.8483
G	110	C	-1.5595
G	110	A	0.7299
C	111	G	-0.0105
C	111	T	1.0502
C	112	T	0.6797
C	112	G	-1.3928
G	113	A	0.6574
G	113	C	-2.1794
C	114	T	1.1105
C	114	G	-0.2797
G	115	A	0.7422
G	115	C	-1.4993
T	116	C	-0.0621
T	116	A	-2.9903
T	116	G	-3.5596
C	117	T	0.7421
C	117	G	-0.1791
G	118	C	-2.7382
G	118	A	0.1332
C	119	G	-2.0368
C	119	T	-0.634
A	120	C	0.4366
A	120	G	1.2557
A	120	T	-0.3841
G	121	A	-0.1884
G	121	C	-0.2289
A	122	C	-0.2448
A	122	G	-0.6707
A	122	T	-0.914
A	123	G	1.4251
A	123	T	-0.2997
A	123	C	-0.3293
G	124	A	-0.181
G	124	C	-0.7557
A	125	G	-0.916
A	125	T	-1.3575
A	125	C	-0.1749
T	126	C	0.6464
T	126	A	0.1394
T	126	G	-0.0084
C	127	T	-1.1355
C	127	G	-2.7121
T	128	A	-1.7289
T	128	C	-0.7965
T	128	G	-2.1368
C	129	T	0.601
C	129	G	0.117
A	130	C	0.0859
A	130	T	-1.2174
A	130	G	0.5204
A	131	C	-0.9266
A	131	G	0.0073
A	131	T	-1.2184
T	132	A	0.0552
T	132	G	0.013
T	132	C	0.4028
C	133	G	-0.204
C	133	T	0.045
T	134	G	-2.4138
T	134	C	0.1121
T	134	A	-2.154
C	135	T	0.8831
C	135	G	-0.1479
G	136	A	0.5397
G	136	C	-1.1889
G	137	C	-1.2469
G	137	A	0.2961
G	138	C	-0.3358
G	138	A	0.5999
A	139	T	-1.199
A	139	G	0.8371
A	139	C	-0.5242
A	140	C	-0.5387
A	140	G	-0.1934
A	140	T	-0.6632
T	141	G	-0.6387
T	141	C	0.3338
T	141	A	-0.986
C	142	T	0.539
C	142	G	-0.364
T	143	A	-0.7775
T	143	G	-1.422
T	143	C	0.5025
C	144	G	-0.4476
C	144	T	0.9253
A	145	G	0.975
A	145	C	0.003
A	145	T	-1.3651
A	146	G	0.3001
A	146	C	-0.5499
A	146	T	-1.0287
T	147	C	0.3222
T	147	A	-0.886
T	147	G	-0.7126
G	148	A	-0.098
G	148	C	-0.7667
T	149	A	-0.5437
T	149	G	-0.2377
T	149	C	0.4502
T	150	A	-0.3141
T	150	G	-0.1155
T	150	C	0.4564
A	151	G	1.9153
A	151	T	-0.0247
A	151	C	-0.2753
G	152	A	1.0121
G	152	C	-0.3444
T	153	C	1.2029
T	153	G	-0.9156
T	153	A	-0.5878
A	154	G	1.4377
A	154	C	-0.4897
A	154	T	-0.3472
T	155	G	-0.0658
T	155	A	-0.8274
T	155	C	-0.3334
T	156	C	0.4219
T	156	A	-0.1738
T	156	G	-0.9786
C	157	G	-0.1135
C	157	T	0.1167
C	158	T	-0.0833
C	158	G	-0.4926
T	159	C	0.3436
T	159	A	0.2082
T	159	G	0.2638
T	160	G	-0.3586
T	160	C	0.9174
T	160	A	-0.7502
G	161	C	-0.1748
G	161	A	-1.1696
G	162	C	0.0067
G	162	A	-0.2631
A	163	C	-0.7015
A	163	T	-0.3536
A	163	G	0.6226
C	164	G	-0.1528
C	164	T	-0.026
T	165	A	0.0158
T	165	C	0.8051
T	165	G	-0.2109
C	166	T	0.0453
C	166	G	-0.5891
A	167	T	-0.6783
A	167	G	1.7531
A	167	C	0.4196
T	168	C	0.6586
T	168	A	-0.91
T	168	G	-0.3738
A	169	G	-0.0815
A	169	C	-0.3207
A	169	T	-2.2456
A	170	G	1.8046
A	170	C	-0.1544
A	170	T	-0.2849
G	171	A	0.4258
G	171	C	-0.4022
G	172	A	-0.164
G	172	C	-0.5881
T	173	C	0.3907
T	173	A	-1.3106
T	173	G	-0.5452
G	174	A	0.2442
G	174	C	0.0207
G	175	C	-0.6172
G	175	A	-0.0152
G	176	C	-0.2713
G	176	A	-0.095
A	177	T	-0.3083
A	177	G	0.4338
A	177	C	-0.2308
A	178	T	-0.4368
A	178	C	-0.1557
A	178	G	0.5772
A	179	T	-0.4639
A	179	G	0.5249
A	179	C	-0.5646
C	180	T	0.2284
C	180	G	-0.5211
T	181	A	-0.4754
T	181	G	-0.5389
T	181	C	0.1066
T	182	A	-0.8157
T	182	G	-0.911
T	182	C	-0.1297
T	183	A	-0.3075
T	183	C	0.497
T	183	G	-0.5021
A	184	C	-0.1319
A	184	T	-0.1005
A	184	G	2.6784
C	185	G	0.1266
C	185	T	0.5967
G	186	A	0.2008
G	186	C	-0.1135
G	187	A	-0.3194
G	187	C	-0.5395
G	188	C	-0.8063
G	188	A	-0.2506
G	189	C	-0.1717
G	189	A	0.6254
C	190	T	0.5793
C	190	G	0.0127
T	191	G	-0.1249
T	191	A	-0.0021
T	191	C	0.7999
T	192	G	0.299
T	192	C	1.1252
T	192	A	0.4264
T	193	A	-2.9844
T	193	C	-0.6714
T	193	G	-3.0323
A	194	T	-4.6188
A	194	C	-3.7267
A	194	G	-0.1871
T	195	C	0.3953
T	195	G	-3.7727
T	195	A	-3.1922
T	196	C	0.3109
T	196	A	-0.2742
T	196	G	0.0411
C	197	T	0.3273
C	197	G	0.0025
C	198	G	-0.0177
C	198	T	0.4713
T	199	C	0.8921
T	199	G	-0.6793
T	199	A	0.0257
C	200	T	-0.3502
C	200	G	-0.4538
T	201	C	0.547
T	201	A	0.0799
T	201	G	-0.1972
A	202	T	-0.2281
A	202	G	0.9328
A	202	C	-0.1787
C	203	T	0.5058
C	203	G	-0.3942
A	204	G	0.6756
A	204	C	0.4002
A	204	T	-0.3299
G	205	A	0.4923
G	205	C	0.0175
T	206	A	-0.424
T	206	C	0.009
T	206	G	-0.569
A	207	T	-0.03
A	207	G	2.0489
A	207	C	-0.2617
C	208	T	0.5215
C	208	G	-0.9118
C	209	G	-1.094
C	209	T	-0.2804
T	210	A	0.1844
T	210	G	-0.3247
T	210	C	0.7653
A	211	T	-0.1548
A	211	G	2.2936
A	211	C	-0.259
T	212	C	0.579
T	212	A	-0.4172
T	212	G	-0.0447
C	213	G	-0.2238
C	213	T	0.6397
T	214	C	0.7511
T	214	A	-0.2945
T	214	G	-0.8668
T	215	G	-0.566
T	215	A	-0.059
T	215	C	0.2914
T	216	A	-0.2694
T	216	C	0.6841
T	216	G	-0.3878
A	217	C	-0.995
A	217	G	3.2056
A	217	T	-2.2371
A	218	G	1.2108
A	218	C	-2.0911
A	218	T	-2.9334
T	219	G	-1.0395
T	219	C	0.4047
T	219	A	-1.0246
C	220	G	-0.2613
C	220	T	0.4318
C	221	T	-0.0531
C	221	G	-0.224
T	222	C	0.5263
T	222	A	-0.1286
T	222	G	0.5434
G	223	C	-0.4024
G	223	A	0.4369
A	224	C	-0.5463
A	224	T	-0.3945
A	224	G	0.6221
A	225	G	1.4443
A	225	C	-0.1819
A	225	T	0.0868
T	226	A	-1.195
T	226	G	-1.1555
T	226	C	-0.7616
G	227	C	-1.7082
G	227	A	-0.7974
G	228	C	-0.9467
G	228	A	0.027
C	229	G	0.2342
C	229	T	0.1539
A	230	G	1.5856
A	230	C	-0.7414
A	230	T	-0.1033
A	231	T	-0.2366
A	231	G	2.3946
A	231	C	-0.6177
A	232	C	0.3427
A	232	T	-0.1074
A	232	G	3.3492
C	233	T	0.5108
C	233	G	0.0754
T	234	C	1.4413
T	234	A	0.2581
T	234	G	0.243
C	235	T	-0.1489
C	235	G	-0.4244
C	236	G	-1.4751
C	236	T	-0.0934
T	237	C	1.0721
T	237	A	0.3696
T	237	G	0.5927
T	238	A	-0.1675
T	238	C	0.9042
T	238	G	-0.2369
C	239	T	0.3481
C	239	G	-0.1423
C	240	T	0.5352
C	240	G	-0.4531
T	241	G	0.0774
T	241	A	0.2943
T	241	C	0.9032
T	242	C	-0.2841
T	242	A	-0.0281
T	242	G	-1.2087
T	243	C	1.0773
T	243	A	-0.1716
T	243	G	0.4474
C	244	G	-0.5626
C	244	T	0.3383
C	245	T	-0.0601
C	245	G	-1.2371
T	246	C	0.6442
T	246	G	0.2161
T	246	A	0.1472
A	247	C	0.1999
A	247	T	-4.2097
A	247	G	1.984
A	248	G	4.5404
A	248	C	0.024
A	248	T	0.5342
G	249	A	0.3128
G	249	C	0.1445
A	250	C	-0.5422
A	250	T	-0.9277
A	250	G	0.4945
T	251	C	0.1509
T	251	G	-0.9289
T	251	A	-1.2224
T	252	C	1.2437
T	252	A	-0.1218
T	252	G	-1.5287
C	253	G	-1.8573
C	253	T	0.8736
A	254	G	1.4883
A	254	C	-1.4342
A	254	T	-0.9741
T	255	C	0.6531
T	255	G	-0.8428
T	255	A	-0.6473
T	256	C	0.4427
T	256	G	-0.1854
T	256	A	-1.6838
T	257	G	-3.441
T	257	A	-2.9689
T	257	C	0.5932
A	258	C	-3.0895
A	258	T	-2.8527
A	258	G	3.1112
C	259	G	-0.0716
C	259	T	0.3667
A	260	C	-0.2034
A	260	T	-0.0315
A	260	G	1.4911
A	261	G	2.5441
A	261	T	0.5809
A	261	C	0.453
G	262	A	0.1398
G	262	C	0.9209
A	263	G	0.8652
A	263	T	-1.9537
A	263	C	-0.7751
G	264	A	0.6344
G	264	C	-1.7611
G	265	C	-0.6243
G	265	A	0.8276
A	266	T	-1.7519
A	266	G	0.7949
A	266	C	-0.8223
C	267	T	1.6586
C	267	G	-0.2721
A	268	T	-1.5844
A	268	G	1.1165
A	268	C	0.9198
T	269	C	0.491
T	269	A	-2.0753
T	269	G	-2.1442
T	270	G	-0.1848
T	270	A	0.0461
T	270	C	1.4165
A	271	G	3.8009
A	271	T	-0.9675
A	271	C	0.0177
T	272	G	-0.5981
T	272	C	0.2921
T	272	A	-1.0427
T	273	A	-0.0192
T	273	C	0.9991
T	273	G	-0.5249
A	274	C	-0.0422
A	274	T	-0.0761
A	274	G	4.7995
A	275	T	-0.3129
A	275	G	1.5976
A	275	C	-0.1875
T	276	C	0.7202
T	276	G	-0.1604
T	276	A	-0.0183
A	277	T	-1.9989
A	277	C	-0.0748
A	277	G	1.8456
G	278	C	-1.1041
G	278	A	0.3256
G	279	A	0.2587
G	279	C	-1.0427
T	280	C	-2.0052
T	280	A	-1.3247
T	280	G	-2.4495
G	281	A	-0.086
G	281	C	-1.5856
T	282	A	-4.1322
T	282	C	0.4708
T	282	G	-3.5124
C	283	G	0.11
C	283	T	-0.7596
A	284	T	-1.0708
A	284	C	-4.3969
A	284	G	0.753
A	285	T	-0.0752
A	285	C	-0.2093
A	285	G	1.2369
C	286	T	0.2038
C	286	G	-0.0608
A	287	T	-0.1512
A	287	C	-2.8004
A	287	G	1.3578
A	288	C	-0.363
A	288	T	-0.3957
A	288	G	1.3977
T	289	G	-1.3141
T	289	C	-0.3262
T	289	A	-0.9294
T	290	A	-0.3058
T	290	C	-1.5748
T	290	G	-2.0764
T	291	A	-0.4684
T	291	C	0.483
T	291	G	-0.5963
G	292	A	0.1705
G	292	C	-0.7322
T	293	A	-1.9821
T	293	C	0.1551
T	293	G	-0.9769
G	294	A	0.4877
G	294	C	-0.6094
G	295	C	-0.88
G	295	A	-0.0733
G	296	A	0.7118
G	296	C	-1.2976
C	297	G	-0.4376
C	297	T	1.0822
C	298	T	0.2271
C	298	G	-0.4432
C	299	T	-0.2741
C	299	G	-0.8991
T	300	A	0.3832
T	300	C	0.4653
T	300	G	-0.1733
C	301	G	-0.8052
C	301	T	-0.8836
T	302	A	-2.5801
T	302	C	0.8404
T	302	G	-2.6027
C	303	T	0.7055
C	303	G	0.2451
A	304	G	1.4089
A	304	C	-1.4247
A	304	T	0.1364
C	305	G	-0.9401
C	305	T	-0.5635
T	306	C	0.928
T	306	G	0.5255
T	306	A	-0.0007
G	307	C	-0.4961
G	307	A	0.7374
T	308	A	-0.736
T	308	G	-0.6737
T	308	C	0.3
A	309	T	-0.5504
A	309	C	-0.2731
A	309	G	2.6063
A	310	C	-0.7464
A	310	T	-4.1803
A	310	G	0.3284
A	311	C	-3.8895
A	311	G	0.5599
A	311	T	-3.9944
T	312	G	-2.3118
T	312	A	-3.6481
T	312	C	0.8046
G	313	C	-2.297
G	313	A	-0.7077
A	314	G	-1.0726
A	314	T	-2.7971
A	314	C	-4.0127
A	315	T	-1.3898
A	315	C	-1.8517
A	315	G	2.0606
A	316	G	1.4094
A	316	T	-1.9751
A	316	C	-0.3392
A	317	G	3.1596
A	317	C	0.0127
A	317	T	-0.3252
G	318	A	-0.0159
G	318	C	-0.5049
A	319	G	0.4387
A	319	C	-0.0307
A	319	T	-2.8644
G	320	C	-2.9573
G	320	A	-1.3831
A	321	T	-2.1221
A	321	G	0.9605
A	321	C	-2.962
A	322	C	0.4447
A	322	T	-1.9882
A	322	G	2.8425
G	323	C	-2.9299
G	323	A	1.0735
A	324	C	-5.0022
A	324	G	0.5363
A	324	T	-2.605
T	325	C	0.4556
T	325	G	-1.0754
T	325	A	0.0049
T	326	A	-2.68
T	326	C	0.5117
T	326	G	-1.4282
G	327	A	1.4407
G	327	C	-0.0023
A	328	T	-2.5345
A	328	G	1.1827
A	328	C	-0.9262
A	329	G	4.1142
A	329	C	-1.0534
A	329	T	-1.8097
A	330	C	-0.1133
A	330	G	3.7277
A	330	T	-0.2516
T	331	A	-0.2734
T	331	C	0.4356
T	331	G	-1.7839
T	332	G	-3.9933
T	332	C	0.2835
T	332	A	-4.1266
A	333	C	-0.6191
A	333	G	5.5053
A	333	T	-0.9919
A	334	G	2.5736
A	334	T	-1.9206
A	334	C	-0.3654
T	335	A	-0.7489
T	335	C	0.1835
T	335	G	-1.4246
T	336	A	-0.0714
T	336	G	-0.7545
T	336	C	1.2271
A	337	G	2.8931
A	337	C	-0.2862
A	337	T	-0.2441
T	338	C	-0.2235
T	338	G	-1.517
T	338	A	-2.8357
G	339	A	0.7463
G	339	C	0.1841
C	340	T	0.3842
C	340	G	-2.7394
C	341	T	-0.9041
C	341	G	-3.4763
T	342	G	-0.0612
T	342	A	0.2664
T	342	C	0.8376
G	343	C	-3.3813
G	343	A	0.4972
C	344	G	-0.4419
C	344	T	0.0915
T	345	C	0.9024
T	345	A	-0.101
T	345	G	-0.3169
A	346	T	-3.0362
A	346	G	3.342
A	346	C	0.3613
G	347	C	-2.0437
G	347	A	-0.5433
A	348	G	0.5389
A	348	T	-1.7562
A	348	C	-3.5809
T	349	C	-0.6294
T	349	A	-0.5431
T	349	G	-1.1
T	350	A	-1.0386
T	350	G	-0.898
T	350	C	0.1474
C	351	T	0.6416
C	351	G	-1.314
T	352	C	0.1287
T	352	G	-3.1379
T	352	A	-2.5226
A	353	T	-1.1965
A	353	C	-4.6819
A	353	G	-0.3284
T	354	A	-2.468
T	354	C	0.5102
T	354	G	-3.3832
C	355	G	-0.5749
C	355	T	-0.3679
C	356	G	-1.6755
C	356	T	-0.455
T	357	A	0.2165
T	357	G	0.3702
T	357	C	1.0492
A	358	C	-0.3612
A	358	G	2.1183
A	358	T	-0.0277
C	359	T	0.4052
C	359	G	-0.486
C	360	T	0.0884
C	360	G	-0.264
C	361	T	0.3633
C	361	G	-0.3059
A	362	G	0.55
A	362	T	0.1028
A	362	C	-0.5592
C	363	G	-0.1926
C	363	T	0.8352
A	364	C	-0.1973
A	364	G	1.439
A	364	T	-0.2997
C	365	G	-0.95
C	365	T	-0.2892
T	366	A	0.6282
T	366	C	0.5137
T	366	G	-0.6469
A	367	G	2.3991
A	367	T	-3.6091
A	367	C	-0.5013
A	368	T	-0.5894
A	368	C	-0.579
A	368	G	2.8021
A	369	T	-0.0864
A	369	C	-0.0632
A	369	G	1.8206
T	370	A	-3.046
T	370	C	-1.7869
T	370	G	-4.0906
A	371	T	-1.2141
A	371	G	-0.3013
A	371	C	-3.9084
T	372	G	-3.0298
T	372	A	-0.6618
T	372	C	0.7624
T	373	G	-0.4644
T	373	A	-0.1196
T	373	C	1.1888
T	374	G	-0.2693
T	374	A	-3.6809
T	374	C	0.9592
G	375	A	0.4586
G	375	C	0.9523
C	376	G	-1.1905
C	376	T	0.5861
C	377	T	-1.9753
C	377	G	-1.1979
C	378	G	-0.0775
C	378	T	0.2505
T	379	A	-0.0696
T	379	C	0.6139
T	379	G	-0.4879
T	380	A	-4.4255
T	380	C	-0.5176
T	380	G	-3.8838
A	381	T	-2.0237
A	381	C	-1.9587
A	381	G	2.4457
G	382	A	-0.2414
G	382	C	-0.4313
A	383	T	-0.2549
A	383	C	-0.5936
A	383	G	0.0474
C	384	T	0.2429
C	384	G	-0.0787
A	385	C	0.1654
A	385	T	-3.172
A	385	G	-0.2098
A	386	G	1.2641
A	386	C	-0.9392
A	386	T	-0.6376
A	387	C	-0.0181
A	387	G	2.0615
A	387	T	0.1285
G	388	C	-2.9097
G	388	A	-0.8107
G	389	A	0.1252
G	389	C	-0.6189
A	390	G	0.5109
A	390	T	-0.129
A	390	C	-0.2437
A	391	C	-0.6207
A	391	G	0.8366
A	391	T	-1.9853
T	392	A	-2.8411
T	392	C	-0.775
T	392	G	-3.4284
T	393	A	0.3586
T	393	G	-3.1315
T	393	C	1.0303
A	394	T	-3.6952
A	394	C	-1.0026
A	394	G	3.4881
A	395	T	-1.1413
A	395	G	2.0834
A	395	C	-1.2987
A	396	C	-1.396
A	396	G	1.7523
A	396	T	-0.9745
C	397	G	-0.1734
C	397	T	-0.1603
C	398	T	-0.8465
C	398	G	-0.335
T	399	G	0.196
T	399	C	1.1861
T	399	A	0.5136
T	400	A	-0.1073
T	400	G	-2.0494
T	400	C	0.9707
A	401	C	-0.3932
A	401	G	3.8708
A	401	T	-0.4322
T	402	G	-2.0345
T	402	A	-2.6004
T	402	C	0.6785
T	403	C	0.0916
T	403	A	-3.1113
T	403	G	-3.4964
A	404	G	1.8246
A	404	T	-1.1926
A	404	C	-3.4001
T	405	C	0.5667
T	405	A	-4.8908
T	405	G	-3.5466
C	406	T	0.521
C	406	G	0.0762
C	407	G	-1.9759
C	407	T	-0.1753
A	408	G	1.2101
A	408	C	0.7945
A	408	T	0.4702
G	409	A	0.0891
G	409	C	-0.6566
A	410	T	-0.923
A	410	C	-0.878
A	410	G	0.2611
T	411	A	0.2559
T	411	C	0.4717
T	411	G	-0.0385
C	412	T	0.3513
C	412	G	0.3853
A	413	G	2.8092
A	413	T	-0.5081
A	413	C	-1.9529
G	414	C	0.2228
G	414	A	0.5474
G	415	A	0.3721
G	415	C	-0.2913
T	416	G	-0.7519
T	416	C	0.2613
T	416	A	-1.5198
A	417	G	3.5768
A	417	T	-0.2825
A	417	C	-0.0663
G	418	C	-0.1359
G	418	A	0.6909
T	419	A	-1.7393
T	419	C	0.992
T	419	G	-1.7159
T	420	A	-0.2952
T	420	C	1.4292
T	420	G	0.055
A	421	T	-0.4362
A	421	C	0.3247
A	421	G	4.458
A	422	T	-0.836
A	422	G	1.3605
A	422	C	-0.177
T	423	G	-0.6325
T	423	C	0.1839
T	423	A	-1.0256
C	424	G	-3.3363
C	424	T	-1.0464
A	425	C	-2.653
A	425	G	-0.1928
A	425	T	-3.1005
T	426	C	1.0646
T	426	A	-1.8907
T	426	G	-0.7179
T	427	G	-2.4603
T	427	C	0.9993
T	427	A	-2.405
A	428	C	-2.6609
A	428	T	-0.1087
A	428	G	0.9318
C	429	G	-3.0381
C	429	T	0.3105
T	430	G	-0.4303
T	430	A	-0.1876
T	430	C	0.8961
T	431	C	-0.2706
T	431	A	0.003
T	431	G	-1.1924
C	432	T	0.0316
C	432	G	-0.7033
C	433	G	-0.8504
C	433	T	-0.287
A	434	C	-1.0487
A	434	T	0.2476
A	434	G	0.8682
A	435	G	0.3957
A	435	T	-0.3207
A	435	C	0.0733
A	436	T	-0.0394
A	436	G	0.8144
A	436	C	-3.5189
C	437	G	0.1353
C	437	T	0.471
C	438	G	0.1726
C	438	T	0.3833
A	439	T	-1.5385
A	439	C	1.4286
A	439	G	2.2297
G	440	C	-0.3402
G	440	A	1.3623
A	441	C	-0.7387
A	441	T	-1.1432
A	441	G	1.386
C	442	T	0.5858
C	442	G	0.3943
A	443	G	0.2769
A	443	C	-2.7214
A	443	T	-0.1379
T	444	G	-0.5879
T	444	C	0.8043
T	444	A	0.0262
T	445	C	0.9391
T	445	G	-2.2973
T	445	A	-0.8547
A	446	C	-0.6756
A	446	G	1.1825
A	446	T	-0.099
T	447	G	-3.0222
T	447	C	0.2696
T	447	A	-1.2555
T	448	C	0.0974
T	448	G	-0.7887
T	448	A	-0.2087
T	449	A	-5.2437
T	449	G	-4.6675
T	449	C	-1.0309
A	450	C	0.1363
A	450	G	1.3101
A	450	T	-0.3571
C	451	G	0.037
C	451	T	0.455
A	452	G	0.4189
A	452	C	-3.9659
A	452	T	-0.6714
T	453	C	0.4027
T	453	A	-0.0978
T	453	G	0.1612
A	454	G	0.7543
A	454	T	0.0975
A	454	C	-3.1744
C	455	G	0.0029
C	455	T	0.1412
T	456	G	-0.5461
T	456	A	-0.0322
T	456	C	0.4065
C	457	G	-1.2803
C	457	T	-1.6445
T	458	G	-2.1751
T	458	A	-2.255
T	458	C	-0.1461
T	459	A	-0.08
T	459	C	0.6632
T	459	G	-0.2233
T	460	A	-0.9063
T	460	C	0.7237
T	460	G	0.3161
G	461	A	-1.5756
G	461	C	-1.5024
G	462	C	-0.5223
G	462	A	-0.7192
A	463	C	-0.0152
A	463	G	0.5957
A	463	T	-3.7852
A	464	G	0.888
A	464	T	-0.2138
A	464	C	0.0967
G	465	A	0.1248
G	465	C	0.072
G	466	A	1.0176
G	466	C	-2.3001
C	467	T	0.2127
C	467	G	-0.5202
T	468	G	1.1548
T	468	C	0.6906
T	468	A	0.429
G	469	A	0.7458
G	469	C	-2.3048
G	470	A	1.2518
G	470	C	-0.8634
T	471	A	-0.2189
T	471	G	-0.0153
T	471	C	0.8101
A	472	C	-1.0387
A	472	G	0.7218
A	472	T	-1.0745
T	473	G	-0.6625
T	473	C	-0.2144
T	473	A	-0.4229
T	474	C	0.2868
T	474	G	-0.5431
T	474	A	-0.1381
C	475	G	0.0993
C	475	T	0.4575
T	476	G	-2.792
T	476	A	-1.9826
T	476	C	0.0153
A	477	G	1.0625
A	477	C	-0.4262
A	477	T	-0.04
T	478	A	-1.5488
T	478	G	-3.803
T	478	C	-0.7253
A	479	T	-0.145
A	479	C	-1.8573
A	479	G	-1.0769
T	480	G	-3.7389
T	480	A	-5.0938
T	480	C	0.0422
A	481	G	-0.0799
A	481	C	-0.0457
A	481	T	-3.8014
A	482	G	1.4594
A	482	C	-0.9816
A	482	T	-0.4454
G	483	C	-1.0866
G	483	A	0.2904
A	484	C	-0.2128
A	484	G	-0.4045
A	484	T	-2.4946
G	485	C	-2.7986
G	485	A	-0.4495
G	486	A	0.2848
G	486	C	-3.5569
G	487	C	-0.3244
G	487	A	0.395
A	488	T	-0.272
A	488	C	0.3055
A	488	G	0.8156
A	489	T	-0.489
A	489	C	-0.3272
A	489	G	1.032
A	490	C	-3.0681
A	490	T	-0.1294
A	490	G	0.9086
C	491	G	-0.2367
C	491	T	-1.0882
C	492	T	0.5568
C	492	G	-0.4902
A	493	T	0.3354
A	493	G	0.5581
A	493	C	-2.2987
C	494	G	-1.8987
C	494	T	0.4254
A	495	G	1.327
A	495	C	0.6942
A	495	T	0.1915
C	496	T	0.0178
C	496	G	-2.4098
G	497	A	-0.0268
G	497	C	-4.0057
T	498	A	-0.2323
T	498	C	0.474
T	498	G	0.0714
A	499	C	-0.3234
A	499	T	-0.6093
A	499	G	0.876
G	500	A	-0.0828
G	500	C	-0.2718
C	501	G	-0.5586
C	501	T	0.6061
G	502	C	-3.6198
G	502	A	0.0008
C	503	G	-0.6405
C	503	T	-0.858
A	504	C	0.2773
A	504	G	0.3224
A	504	T	-0.0949
T	505	C	-1.5884
T	505	A	-0.1649
T	505	G	0.0937
C	506	G	-4.8414
C	506	T	-1.2818
A	507	C	0.4941
A	507	G	0.3995
A	507	T	0.0855
T	508	G	-3.0532
T	508	A	-2.4097
T	508	C	-0.7078
T	509	A	0.0545
T	509	G	-1.1876
T	509	C	-1.3186
T	510	C	0.165
T	510	A	-0.7121
T	510	G	-0.47
T	511	G	-1.3743
T	511	A	0.0295
T	511	C	0.8499
G	512	A	0.3964
G	512	C	0.0572
C	513	G	-0.4587
C	513	T	0.557
G	514	A	-0.4594
G	514	C	-0.9758
G	515	A	0.4843
G	515	C	-0.3747
G	516	A	0.2719
G	516	C	-0.05
T	517	G	-0.0767
T	517	A	0.0613
T	517	C	0.6008
C	518	T	0.0773
C	518	G	-4.8957
A	519	T	0.2983
A	519	C	0.4094
A	519	G	0.787
C	520	T	0.8468
C	520	G	0.0878
C	521	G	0.0224
C	521	T	0.6016
A	522	G	0.9014
A	522	C	1.0343
A	522	T	0.1695
T	523	C	-1.0275
T	523	G	-3.5751
T	523	A	-2.9143
A	524	C	-3.364
A	524	T	-2.6783
A	524	G	-1.1387
T	525	G	-4.5119
T	525	A	-4.2258
T	525	C	-0.2623
T	526	G	-0.6569
T	526	C	-1.225
T	526	A	-0.4045
C	527	T	-1.0076
C	527	G	-0.7423
T	528	A	0.1906
T	528	G	0.1014
T	528	C	0.1485
T	529	C	-1.5233
T	529	A	-2.8357
T	529	G	-3.2742
G	530	A	-2.5855
G	530	C	-2.9372
G	531	C	-2.6984
G	531	A	-3.0001
G	532	C	-3.2295
G	532	A	-0.7495
A	533	G	0.0171
A	533	C	-4.7656
A	533	T	-2.3724
A	534	C	-1.8527
A	534	T	-1.3093
A	534	G	0.9048
C	535	G	-0.3661
C	535	T	-1.2449
A	536	G	0.7927
A	536	T	-0.3435
A	536	C	0.0982
A	537	G	0.9088
A	537	T	0.0003
A	537	C	0.1816
G	538	C	-0.2247
G	538	A	0.0916
A	539	C	0.0714
A	539	T	-0.1361
A	539	G	0.575
G	540	A	0.2154
G	540	C	-0.2908
C	541	T	0.4607
C	541	G	0.0062
T	542	C	0.5678
T	542	G	0.0996
T	542	A	0.0156
A	543	C	0.1569
A	543	G	0.6246
A	543	T	0.1985
C	544	G	-0.1245
C	544	T	-0.2298
A	545	G	1.0085
A	545	T	0.0143
A	545	C	0.8869
G	546	C	-0.0854
G	546	A	0.8244
C	547	G	-0.069
C	547	T	0.3279
A	548	G	0.5188
A	548	T	-0.1644
A	548	C	0.4062
T	549	A	-0.1323
T	549	C	0.3603
T	549	G	1.1719
G	550	C	0.0481
G	550	A	0.5903
G	551	C	-0.1333
G	551	A	0.5537
G	552	C	0.5974
G	552	A	0.4002
A	553	C	0.2559
A	553	T	-0.2449
A	553	G	1.0263
G	554	A	0.2869
G	554	C	0.0601
G	555	C	0.1768
G	555	A	0.6626
T	556	C	0.7166
T	556	G	-0.0558
T	556	A	0.0649
T	557	G	-0.1898
T	557	C	0.4853
T	557	A	-4.3754
G	558	A	0.7514
G	558	C	0.0471
G	559	A	0.6719
G	559	C	0.2083
T	560	G	0.1424
T	560	A	-0.1048
T	560	C	0.2812
C	561	G	0.2192
C	561	T	0.5672
A	562	C	0.9898
A	562	G	0.775
A	562	T	0.3237
T	563	G	0.2834
T	563	A	0.17
T	563	C	0.6203
C	564	T	0.8807
C	564	G	0.1037
A	565	T	-3.687
A	565	G	0.6279
A	565	C	0.6973
A	566	C	0.2641
A	566	T	0.031
A	566	G	0.7273
A	567	C	0.1608
A	567	G	0.5607
A	567	T	0.1668
A	568	T	0.0346
A	568	C	0.1832
A	568	G	0.9449
C	569	T	0.2803
C	569	G	0.0806
C	570	T	0.4808
C	570	G	-0.1952
T	571	A	0.0588
T	571	G	-0.0034
T	571	C	0.6218
C	572	G	-0.1576
C	572	T	0.3516
G	573	A	0.6581
G	573	C	0.1125
C	574	T	-1.6634
C	574	G	0.145
A	575	C	0.1668
A	575	G	0.7758
A	575	T	-0.1559
A	576	T	-0.0512
A	576	G	0.3967
A	576	C	0.0046
A	577	C	0.5699
A	577	T	0.4062
A	577	G	0.9523
G	578	C	0.025
G	578	A	0.5846
G	579	C	0.3046
G	579	A	0.9711
C	580	T	0.4945
C	580	G	0.0823
A	581	T	0.2265
A	581	C	0.2459
A	581	G	1.0739
T	582	C	0.2995
T	582	G	0.1257
T	582	A	0.0358
G	583	C	0.1963
G	583	A	0.5585
G	584	A	0.5476
G	584	C	-0.064
G	585	C	0.2456
G	585	A	0.2928
G	586	A	0.5232
G	586	C	0.0012
A	587	T	-0.0275
A	587	C	0.0203
A	587	G	2.8015
C	588	G	0.1188
C	588	T	0.7429
G	589	A	0.7059
G	589	C	-0.0037
A	590	C	-0.0164
A	590	G	0.649
A	590	T	0.1938
A	591	G	0.4582
A	591	T	0.2805
A	591	C	0.5648
T	592	A	0.1508
T	592	G	-0.1289
T	592	C	0.5653
C	593	T	0.5556
C	593	G	-0.0335
T	594	A	-0.0676
T	594	G	0.2066
T	594	C	1.0083
T	595	C	0.5006
T	595	A	-0.0113
T	595	G	0.1972
T	596	C	0.2429
T	596	A	-0.1492
T	596	G	0.0876
C	597	G	-0.0417
C	597	T	0.212
T	598	G	0.1248
T	598	A	0.1679
T	598	C	0.8136
G	599	C	0.2
G	599	A	0.7298
T	600	C	0.3481
T	600	A	-3.9648
T	600	G	0.0328
T	601	A	0.3526
T	601	C	0.4129
T	601	G	-0.0429
C	602	T	0.3976
C	602	G	0.307
C	603	G	-0.1698
C	603	T	0.5567
C	604	G	-0.181
C	604	T	0.131
A	605	C	0.4561
A	605	G	0.966
A	605	T	0.4432
A	606	T	0.1275
A	606	G	1.5296
A	606	C	0.3744
C	607	G	0.3194
C	607	T	0.7331
C	608	G	0.1786
C	608	T	0.3446
C	609	T	0.335
C	609	G	-0.0846
T	610	A	-0.4207
T	610	G	0.182
T	610	C	0.61
C	611	G	0.0408
C	611	T	0.1437
T	612	G	0.486
T	612	C	0.5931
T	612	A	0.1578
G	613	C	0.07
G	613	A	0.3205
G	614	A	0.6589
G	614	C	-0.056
G	615	C	0.392
G	615	A	0.5289
A	616	C	0.3715
A	616	G	1.3323
A	616	T	0.2876
T	617	A	0.1532
T	617	C	0.2921
T	617	G	0.2155
T	618	A	0.0866
T	618	C	0.9557
T	618	G	0.2155
C	619	G	0.121
C	619	T	0.6431
T	620	C	0.5534
T	620	A	0.4096
T	620	G	0.447
T	621	G	0.2075
T	621	C	0.8456
T	621	A	-0.0288
T	622	A	-0.0863
T	622	G	-0.1868
T	622	C	1.3449
C	623	T	0.4413
C	623	G	0.2833
C	624	T	0.8992
C	624	G	0.2987
C	625	T	-0.3417
C	625	G	-0.0795
G	626	C	-0.0107
G	626	A	0.9051
A	627	T	0.0147
A	627	G	0.7428
A	627	C	0.0691
T	628	A	0.3297
T	628	C	1.0076
T	628	G	0.1767
C	629	T	0.6163
C	629	G	-4.4539
A	630	G	1.0263
A	630	T	0.5963
A	630	C	0.5083
T	631	A	0.0131
T	631	C	0.4045
T	631	G	0.1346
C	632	G	-3.9737
C	632	T	0.5876
A	633	C	0.4947
A	633	G	1.0948
A	633	T	0.1599
G	634	C	-0.0539
G	634	A	0.2565
T	635	A	0.1319
T	635	C	0.5005
T	635	G	0.3421
T	636	A	-0.0485
T	636	G	0.6461
T	636	C	0.7765
G	637	C	0.1335
G	637	A	0.952
G	638	A	0.6445
G	638	C	0.1875
A	639	C	0.187
A	639	G	0.898
A	639	T	0.2067
C	640	G	-0.0513
C	640	T	0.3934
C	641	T	0.443
C	641	G	-0.2424
C	642	G	0.0209
C	642	T	0.4985
T	643	A	0.3278
T	643	G	0.7458
T	643	C	1.4207
G	644	A	0.8204
G	644	C	0.4367
C	645	T	0.971
C	645	G	-0.0102
A	646	C	0.381
A	646	G	0.4984
A	646	T	-0.0253
T	647	C	0.3883
T	647	G	0.0025
T	647	A	0.0772
T	648	G	-0.1965
T	648	C	0.1991
T	648	A	-0.0216
C	649	T	1.0309
C	649	G	0.4347
G	650	A	1.0235
G	650	C	0.2214
G	651	A	0.5456
G	651	C	0.7091
A	652	T	-0.1588
A	652	G	1.1019
A	652	C	0.1376
G	653	A	1.1182
G	653	C	0.3206
C	654	T	0.9958
C	654	G	-0.1259
C	655	T	-0.8511
C	655	G	-0.0182
A	656	G	0.9852
A	656	T	-0.0154
A	656	C	0.1841
A	657	C	0.0114
A	657	T	0.1176
A	657	G	0.8071
C	658	G	0.2382
C	658	T	0.6221
T	659	C	0.7832
T	659	G	0.1358
T	659	A	0.4244
C	660	T	0.2794
C	660	G	-0.4137
A	661	G	1.0306
A	661	C	0.735
A	661	T	-4.5564
A	662	T	-0.0518
A	662	G	0.9771
A	662	C	0.3051
A	663	G	0.9816
A	663	T	-0.1012
A	663	C	0.3663
C	664	T	-0.6994
C	664	G	-0.0398
A	665	T	0.1044
A	665	G	0.5266
A	665	C	0.4328
A	666	T	0.1993
A	666	G	0.5106
A	666	C	-0.1398
T	667	C	0.6926
T	667	A	0.481
T	667	G	0.1702
C	668	G	0.1416
C	668	T	0.4448
C	669	G	0.0336
C	669	T	0.8248
A	670	T	-2.7119
A	670	G	0.7453
A	670	C	1.3084
G	671	C	0.393
G	671	A	0.5659
A	672	G	0.6374
A	672	T	-0.0228
A	672	C	0.1905
T	673	G	-0.0439
T	673	A	0.2662
T	673	C	0.5155
T	674	G	1.162
T	674	C	0.7204
T	674	A	-3.4405
G	675	A	0.3222
G	675	C	-0.1928
G	676	A	0.4716
G	676	C	-0.3678
G	677	C	0.19
G	677	A	0.8444
A	678	G	1.6665
A	678	T	-0.159
A	678	C	0.0502
C	679	T	0.4676
C	679	G	-0.0233
T	680	C	0.7004
T	680	G	0.2033
T	680	A	0.2909
T	681	A	0.0132
T	681	G	0.0392
T	681	C	0.4284
C	682	T	0.2418
C	682	G	0.0674
A	683	T	0.0644
A	683	G	0.9084
A	683	C	0.8096
A	684	C	0.2846
A	684	G	0.7327
A	684	T	0.2054
C	685	G	0.1145
C	685	T	0.524
C	686	T	0.6259
C	686	G	-0.0277
C	687	T	0.4554
C	687	G	0.1797
C	688	T	0.1642
C	688	G	-0.0935
A	689	T	0.272
A	689	G	0.6667
A	689	C	1.0592
T	690	A	0.0466
T	690	C	0.9032
T	690	G	0.1856
C	691	G	0.121
C	691	T	-1.164
A	692	T	0.1727
A	692	G	0.8957
A	692	C	0.4543
A	693	T	0.1252
A	693	G	0.7633
A	693	C	0.1673
G	694	A	0.3032
G	694	C	-0.0049
G	695	A	0.4792
G	695	C	0.2505
A	696	C	-0.1315
A	696	T	0.1487
A	696	G	0.8046
C	697	G	0.1888
C	697	T	0.5825
C	698	G	0.2018
C	698	T	0.989
A	699	G	1.3151
A	699	T	0.5949
A	699	C	0.951
C	700	G	0.2038
C	700	T	1.2242
T	701	C	0.5828
T	701	G	0.5164
T	701	A	0.2601
G	702	A	0.5645
G	702	C	0.0871
G	703	C	0.1102
G	703	A	0.6694
C	704	G	-0.1017
C	704	T	0.6032
C	705	T	0.917
C	705	G	0.0848
A	706	G	1.1998
A	706	T	0.2987
A	706	C	0.8106
G	707	A	1.1893
G	707	C	0.2926
C	708	T	0.8695
C	708	G	0.2289
A	709	C	1.1624
A	709	G	1.8543
A	709	T	0.4003
G	710	A	0.8301
G	710	C	0.2929
C	711	T	0.813
C	711	G	0.2728
C	712	G	-0.1598
C	712	T	-2.0005
A	713	C	0.4363
A	713	T	0.1584
A	713	G	0.9613
A	714	G	0.6604
A	714	T	-0.0795
A	714	C	-0.002
C	715	G	0.0926
C	715	T	0.987
C	716	T	0.6819
C	716	G	-0.145
A	717	T	0.8125
A	717	G	0.8573
A	717	C	1.3836
G	718	A	0.2153
G	718	C	-0.1214
G	719	A	0.2356
G	719	C	-0.0195
T	720	C	0.9568
T	720	A	-0.0304
T	720	G	0.1399
A	721	T	0.3458
A	721	C	0.4118
A	721	G	0.9146
G	722	C	-0.179
G	722	A	0.4947
G	723	A	0.5647
G	723	C	0.169
A	724	G	1.0555
A	724	C	0.5817
A	724	T	0.1848
G	725	A	1.0286
G	725	C	-0.2244
T	726	A	-0.2463
T	726	G	0.4986
T	726	C	1.1366
G	727	A	0.8907
G	727	C	0.1308
G	728	C	0.0351
G	728	A	0.8053
G	729	C	0.3538
G	729	A	0.9774
A	730	C	0.2753
A	730	G	0.7566
A	730	T	0.2093
G	731	A	0.7182
G	731	C	0.2702
C	732	G	-0.291
C	732	T	1.2209
A	733	C	0.363
A	733	G	0.3015
A	733	T	0.1928
T	734	C	0.5025
T	734	A	0.1441
T	734	G	-0.0353
T	735	A	0.0276
T	735	C	0.3826
T	735	G	0.1812
C	736	T	0.7946
C	736	G	0.0562
G	737	C	0.1173
G	737	A	0.9483
G	738	C	0.1188
G	738	A	0.8484
G	739	C	-0.0276
G	739	A	1.0887
C	740	G	0.0466
C	740	T	0.8037
C	741	G	0.2725
C	741	T	0.7067
A	742	G	0.6791
A	742	C	0.578
A	742	T	0.2658
G	743	A	0.1314
G	743	C	0.2616
G	744	C	0.1483
G	744	A	0.2891
G	745	C	0.0865
G	745	A	0.8876
C	746	T	0.5872
C	746	G	-0.0584
T	747	A	0.1111
T	747	C	0.6763
T	747	G	-0.1163
C	748	G	0.0331
C	748	T	0.8842
A	749	C	0.86
A	749	T	0.083
A	749	G	0.9847
C	750	G	-0.0555
C	750	T	1.1479
C	751	T	1.0304
C	751	G	0.0364
C	752	T	0.6983
C	752	G	-0.058
C	753	T	0.4594
C	753	G	0.1411
T	754	C	0.3853
T	754	G	0.2685
T	754	A	-0.0271
C	755	T	0.3523
C	755	G	-0.0033
C	756	G	0.3141
C	756	T	0.7409
A	757	T	0.2006
A	757	G	1.3279
A	757	C	1.2847
C	758	T	1.1751
C	758	G	-0.0316
A	759	G	1.0604
A	759	C	0.8474
A	759	T	-0.0359
C	760	G	-0.1753
C	760	T	1.6866
G	761	C	0.5321
G	761	A	1.0686
G	762	A	0.8534
G	762	C	0.5362
C	763	T	1.1582
C	763	G	0.4814
G	764	C	0.5486
G	764	A	1.2094
G	765	A	1.6442
G	765	C	0.0533
T	766	C	0.5911
T	766	A	0.0913
T	766	G	0.1927
A	767	C	0.0398
A	767	T	-0.0595
A	767	G	1.2867
T	768	G	-2.5269
T	768	C	0.7148
T	768	A	-0.9366
T	769	G	0.2693
T	769	C	0.9596
T	769	A	0.2312
T	770	C	1.1261
T	770	A	0.3072
T	770	G	0.2932
T	771	G	0.6789
T	771	A	0.0008
T	771	C	0.6249
G	772	A	0.933
G	772	C	-0.4255
G	773	A	0.735
G	773	C	0.3318
G	774	A	0.8629
G	774	C	0.7115
G	775	C	1.2182
G	775	A	1.1291
T	776	C	1.9466
T	776	G	3.3888
T	776	A	0.0352
G	777	C	0.4857
G	777	A	1.4588
G	778	A	1.9142
G	778	C	0.5864
A	779	C	0.9431
A	779	T	0.4282
A	779	G	0.8749
G	780	A	1.208
G	780	C	0.8834
C	781	T	0.8765
C	781	G	0.4675
C	782	T	0.8496
C	782	G	0.2725
C	783	G	0.5455
C	783	T	1.443
T	784	G	0.669
T	784	A	0.5276
T	784	C	0.6545
C	785	T	1.611
C	785	G	-1.2611
A	786	C	1.5856
A	786	G	0.6366
A	786	T	1.0636
G	787	A	0.844
G	787	C	1.9445
G	788	C	0.2184
G	788	A	1.1499
C	789	G	0.8403
C	789	T	2.2656
T	790	A	0.2233
T	790	G	0.5939
T	790	C	0.9563
C	791	G	-2.5179
C	791	T	0.3309
A	792	G	0.554
A	792	C	0.6982
A	792	T	0.1956
G	793	C	-0.1035
G	793	A	0.3196
G	794	C	0.331
G	794	A	0.6208
G	795	C	0.2
G	795	A	0.7895
C	796	G	0.268
C	796	T	0.6504
A	797	G	1.2885
A	797	C	0.5769
A	797	T	0.1694
T	798	A	0.2571
T	798	G	-0.3463
T	798	C	0.7318
A	799	G	1.0892
A	799	T	0.0509
A	799	C	0.019
T	800	G	-0.0811
T	800	A	0.279
T	800	C	0.9004
T	801	C	0.5422
T	801	G	-0.1414
T	801	A	-0.0665
G	802	C	0.4324
G	802	A	0.7583
A	803	C	0.1279
A	803	G	0.5019
A	803	T	0.1843
C	804	G	0.0365
C	804	T	0.5136
C	805	T	0.4635
C	805	G	-0.1717
A	806	C	0.8528
A	806	T	0.2177
A	806	G	0.7325
C	807	T	1.2759
C	807	G	0.2087
A	808	C	0.8635
A	808	T	0.3646
A	808	G	0.5007
G	809	C	-0.0429
G	809	A	0.5291
T	810	G	0.1248
T	810	C	0.4263
T	810	A	-0.2681
G	811	A	1.2046
G	811	C	0.1546
T	812	G	0.0112
T	812	C	0.6013
T	812	A	0.047
C	813	T	1.1426
C	813	G	0.0831
A	814	C	0.3036
A	814	T	0.5454
A	814	G	1.6139
A	815	C	-0.0489
A	815	G	0.9768
A	815	T	-0.0567
C	816	G	0.4464
C	816	T	1.6564
A	817	G	1.1666
A	817	T	0.1131
A	817	C	0.2303
A	818	C	0.0219
A	818	G	0.8323
A	818	T	0.1057
T	819	A	0.0237
T	819	G	0.0452
T	819	C	0.5032
T	820	G	-0.4094
T	820	C	1.3373
T	820	A	0.452
C	821	T	0.8864
C	821	G	-0.0095
C	822	G	-0.1168
C	822	T	0.884
T	823	C	0.8929
T	823	G	0.3808
T	823	A	0.6838
C	824	T	0.8351
C	824	G	-0.2764
C	825	G	0.0056
C	825	T	0.5534
T	826	G	-0.0943
T	826	C	0.9478
T	826	A	0.2518
C	827	T	0.7228
C	827	G	-0.0091
C	828	G	0.2015
C	828	T	1.0696
T	829	A	0.2826
T	829	C	0.9504
T	829	G	0.4889
G	830	C	0.3017
G	830	A	0.7553
C	831	T	1.2797
C	831	G	0.4574
C	832	G	-0.2306
C	832	T	0.4769
T	833	C	0.7612
T	833	G	0.4948
T	833	A	0.595
C	834	T	0.4827
C	834	G	0.234
C	835	G	0.0099
C	835	T	0.4887
A	836	G	1.5877
A	836	T	0.1293
A	836	C	1.0083
C	837	G	-0.0677
C	837	T	1.0231
C	838	T	0.6545
C	838	G	0.0449
A	839	G	2.4482
A	839	C	1.7113
A	839	T	1.4219
A	840	C	0.2106
A	840	T	0.6352
A	840	G	1.8318
T	841	A	0.5232
T	841	C	0.0346
T	841	G	0.5123
C	842	T	1.0191
C	842	G	0.0005
G	843	A	0.9404
G	843	C	0.2872
G	844	C	0.0249
G	844	A	0.9305
C	845	G	0.8068
C	845	T	0.7652
A	846	G	1.2833
A	846	T	0.2635
A	846	C	1.0821
G	847	C	0.0829
G	847	A	0.4279
T	848	G	0.2996
T	848	A	0.1076
T	848	C	0.9914
C	849	T	0.8017
C	849	G	0.0373
A	850	G	0.8751
A	850	C	1.5155
A	850	T	1.2896
G	851	C	0.0456
G	851	A	0.9954
G	852	A	1.026
G	852	C	0.7895
A	853	G	0.5768
A	853	C	0.2379
A	853	T	-4.0934
A	854	G	0.6454
A	854	C	0.1771
A	854	T	-0.0138
G	855	A	0.4737
G	855	C	-0.2996
G	856	C	-0.1188
G	856	A	1.1029
C	857	T	0.7496
C	857	G	1.2911
A	858	T	0.0306
A	858	C	0.4581
A	858	G	1.0728
G	859	C	0.2759
G	859	A	1.1028
C	860	G	-0.059
C	860	T	1.0322
C	861	G	0.1655
C	861	T	0.655
T	862	C	0.6169
T	862	G	0.065
T	862	A	0.4648
A	863	T	0.2017
A	863	C	0.3294
A	863	G	2.053
C	864	G	-1.8498
C	864	T	0.9052
T	865	C	0.9249
T	865	G	-0.0587
T	865	A	0.1171
C	866	G	0.0568
C	866	T	-0.0662
C	867	T	0.1786
C	867	G	-0.2305
C	868	G	0.1332
C	868	T	0.3178
A	869	C	0.5103
A	869	T	0.2982
A	869	G	0.7744
T	870	G	-0.0527
T	870	C	0.5471
T	870	A	0.2135
C	871	G	0.281
C	871	T	0.8922
T	872	A	0.1992
T	872	C	0.9073
T	872	G	0.2737
C	873	G	-0.007
C	873	T	0.6795
T	874	C	0.5647
T	874	A	0.6143
T	874	G	0.3393
C	875	G	0.2712
C	875	T	0.7428
C	876	G	0.0519
C	876	T	0.9814
A	877	C	1.1716
A	877	G	1.0411
A	877	T	0.2711
C	878	G	-0.1175
C	878	T	0.6222
C	879	G	-0.2523
C	879	T	0.2399
T	880	C	0.612
T	880	G	0.0016
T	880	A	0.1937
C	881	G	-0.1166
C	881	T	0.3142
T	882	G	0.0908
T	882	A	0.0013
T	882	C	0.6304
A	883	T	-2.9329
A	883	C	0.1193
A	883	G	1.912
A	884	G	1.561
A	884	C	0.2559
A	884	T	0.2297
G	885	C	0.164
G	885	A	0.4229
A	886	G	1.3192
A	886	C	0.1855
A	886	T	-2.9562
G	887	C	-0.2632
G	887	A	0.7167
A	888	G	1.1218
A	888	T	0.6458
A	888	C	0.0885
C	889	G	-0.0795
C	889	T	-0.11
A	890	G	0.8721
A	890	C	1.1942
A	890	T	0.2833
G	891	C	0.3468
G	891	A	0.828
T	892	A	0.4612
T	892	C	1.0044
T	892	G	0.1073
C	893	T	1.0194
C	893	G	-3.513
A	894	G	1.2326
A	894	T	0.6007
A	894	C	0.8862
T	895	C	1.092
T	895	G	0.228
T	895	A	0.5189
C	896	T	0.805
C	896	G	-0.5156
C	897	G	0.1045
C	897	T	0.8004
T	898	A	0.5239
T	898	G	0.6017
T	898	C	0.488
C	899	T	0.748
C	899	G	-4.787
A	900	T	0.157
A	900	G	0.6471
A	900	C	0.9893
G	901	A	0.6929
G	901	C	0.5116
G	902	C	0.3021
G	902	A	1.6531
C	903	T	0.9509
C	903	G	-0.0178
C	904	G	0.3311
C	904	T	1.0494
A	905	G	1.2326
A	905	T	0.3997
A	905	C	1.1445
T	906	G	0.4114
T	906	C	1.3086
T	906	A	0.3073
G	907	C	1.9319
G	907	A	1.9036
C	908	G	0.0482
C	908	T	0.974
A	909	C	1.5599
A	909	G	1.6733
A	909	T	0.8543
G	910	A	1.794
G	910	C	1.4194
T	911	C	1.6753
T	911	A	0.9313
T	911	G	3.525
G	912	A	1.5834
G	912	C	2.4261
G	913	A	2.4891
G	913	C	1.4105
A	914	G	2.8212
A	914	C	1.1158
A	914	T	2.1724
A	915	T	4.2533
A	915	G	3.6997
T	916	A	-0.1473
T	916	C	1.3148
T	916	G	3.4742
T	917	C	2.2422
T	917	A	0.4906
T	917	G	1.2112
C	918	G	0.728
C	918	T	1.7812
C	919	G	0.622
C	919	T	1.1474
A	920	G	1.1511
A	920	C	3.2926
A	920	T	1.1086
C	921	G	-0.1211
C	921	T	1.7499
T	922	A	1.0991
T	922	G	0.7354
T	922	C	1.2162
G	923	C	0.3483
G	923	A	1.1523
C	924	T	1.4622
C	924	G	0.2038
C	925	G	0.4076
C	925	T	0.4585
T	926	A	0.8263
T	926	C	1.0921
T	926	G	0.4813
T	927	A	0.4106
T	927	G	0.2942
T	927	C	0.7409
C	928	T	1.1845
C	928	G	-0.1356
C	929	G	0.2269
C	929	T	0.3295
A	930	C	1.3991
A	930	G	0.7097
A	930	T	1.2377
C	931	T	0.4809
C	931	G	0.1398
C	932	T	0.6609
C	932	G	0.1277
A	933	C	0.289
A	933	T	0.602
A	933	G	1.3795
A	934	C	0.4724
A	934	T	0.4168
A	934	G	1.5852
G	935	A	0.8809
G	935	C	-0.2967
C	936	G	-0.2982
C	936	T	0.8859
T	937	A	0.0548
T	937	G	-0.1508
T	937	C	0.7487
C	938	G	-0.3126
C	938	T	0.0566
T	939	C	0.6267
T	939	G	0.3613
T	939	A	-0.0374
G	940	C	0.305
G	940	A	0.7969
C	941	T	0.8436
C	941	G	0.1541
A	942	T	0.3373
A	942	C	0.3987
A	942	G	0.4638
G	943	C	-0.0351
G	943	A	0.6797
G	944	C	0.1259
G	944	A	0.894
A	945	G	1.0361
A	945	C	-0.0328
A	945	T	0.1946
T	946	A	0.3085
T	946	C	1.3203
T	946	G	-0.0604
C	947	T	0.2138
C	947	G	-0.0426
C	948	G	-0.3073
C	948	T	0.4322
C	949	G	0.2295
C	949	T	-0.2228
A	950	G	0.7437
A	950	T	0.2584
A	950	C	1.5213
G	951	C	0.5357
G	951	A	0.3121
A	952	C	0.2601
A	952	T	-0.0337
A	952	G	0.9192
G	953	C	-0.2444
G	953	A	0.4691
T	954	G	-0.4053
T	954	C	1.0208
T	954	A	0.1546
C	955	G	0.1751
C	955	T	0.2207
A	956	G	0.8468
A	956	T	0.3935
A	956	C	1.4908
G	957	A	0.5604
G	957	C	0.1659
G	958	A	0.4978
G	958	C	-0.1633
G	959	A	0.559
G	959	C	-0.0882
G	960	A	0.7542
G	960	C	0.1898
T	961	A	0.1488
T	961	C	0.5959
T	961	G	-0.1213
C	962	G	-0.0271
C	962	T	0.3266
T	963	A	0.1548
T	963	C	0.3213
T	963	G	0.2702
G	964	C	-0.1186
G	964	A	0.8068
T	965	A	0.0314
T	965	G	-0.0134
T	965	C	0.5973
A	966	C	0.2183
A	966	G	1.8115
A	966	T	0.1443
T	967	A	-0.0556
T	967	G	-0.1809
T	967	C	0.6485
C	968	T	0.081
C	968	G	-0.619
T	969	C	0.472
T	969	A	-0.0071
T	969	G	0.4153
T	970	C	0.4314
T	970	A	-0.0615
T	970	G	-0.113
C	971	T	-0.1332
C	971	G	-0.2236
C	972	T	0.3414
C	972	G	0.0656
T	973	C	0.2812
T	973	G	-1.0358
T	973	A	-2.9656
G	974	C	-3.5902
G	974	A	0.0707
C	975	G	-2.6333
C	975	T	1.3248
T	976	C	1.1853
T	976	G	0.7765
T	976	A	-0.6747
G	977	C	-0.9476
G	977	A	0.424
G	978	A	-0.6029
G	978	C	-1.1744
T	979	A	-1.498
T	979	C	0.2139
T	979	G	-0.8741
G	980	A	0.0864
G	980	C	-2.7611
G	981	C	-0.5284
G	981	A	0.476
C	982	G	-0.2082
C	982	T	0.8972
T	983	G	-0.3656
T	983	C	-0.4939
T	983	A	0.1549
C	984	G	0.0738
C	984	T	0.1048
C	985	T	0.0695
C	985	G	-0.3876
A	986	C	0.1548
A	986	T	0.2652
A	986	G	1.1381
G	987	A	0.8707
G	987	C	-0.1827
T	988	A	-0.9174
T	988	C	0.2832
T	988	G	-1.6384
T	989	A	-0.2638
T	989	C	-0.3001
T	989	G	-1.4095
C	990	T	0.4195
C	990	G	-0.3598
A	991	G	0.7509
A	991	C	0.9655
A	991	T	-0.0568
G	992	C	-0.3295
G	992	A	0.7418
G	993	C	-0.5135
G	993	A	0.8508
A	994	T	-0.1726
A	994	G	0.85
A	994	C	-0.2814
A	995	C	0.1
A	995	T	-0.4939
A	995	G	1.6155
C	996	T	0.7146
C	996	G	-0.2078
A	997	G	1.0884
A	997	C	0.6056
A	997	T	0.3847
G	998	C	0.2024
G	998	A	1.2157
T	999	A	0.1407
T	999	C	0.7878
T	999	G	-0.3437
A	1000	C	0.3599
A	1000	T	-2.9739
A	1000	G	2.4265
A	1001	C	0.0868
A	1001	G	1.1985
A	1001	T	0.111
A	1002	T	-0.0905
A	1002	C	0.0281
A	1002	G	0.6907
C	1003	T	0.1808
C	1003	G	0.0757
C	1004	T	-1.0579
C	1004	G	-1.6503
C	1005	G	0.1235
C	1005	T	0.4023
T	1006	A	-1.9621
T	1006	C	-0.3666
T	1006	G	-2.0673
G	1007	C	-2.6401
G	1007	A	-0.0207
C	1008	T	1.2049
C	1008	G	-2.8322
T	1009	G	-0.0229
T	1009	A	-0.7136
T	1009	C	-0.593
C	1010	T	-0.8896
C	1010	G	-0.6492
C	1011	T	0.4817
C	1011	G	0.2652
G	1012	A	0.4208
G	1012	C	-0.1158
A	1013	G	0.8841
A	1013	T	-0.4168
A	1013	C	-0.3892
A	1014	C	0.0715
A	1014	G	1.1051
A	1014	T	0.2319
T	1015	G	-1.141
T	1015	A	-0.6874
T	1015	C	0.3361
A	1016	C	-0.9185
A	1016	G	-0.1511
A	1016	T	0.0415
T	1017	A	-4.0675
T	1017	G	-4.3737
T	1017	C	0.3328
T	1018	A	-3.3071
T	1018	G	-3.1354
T	1018	C	-0.2508
G	1019	A	-0.6988
G	1019	C	-2.9481
C	1020	G	-3.3467
C	1020	T	0.887
C	1021	T	-0.2111
C	1021	G	-0.0749
T	1022	A	-1.5444
T	1022	G	-1.7662
T	1022	C	-0.1354
C	1023	G	-0.0425
C	1023	T	0.1628
T	1024	A	0.2027
T	1024	G	0.3466
T	1024	C	-0.2957
C	1025	G	-4.6619
C	1025	T	-0.5315
A	1026	G	1.0897
A	1026	C	0.4137
A	1026	T	0.2886
C	1027	G	-1.3156
C	1027	T	0.5498
A	1028	T	-0.2129
A	1028	C	-1.7535
A	1028	G	1.1813
T	1029	G	-0.2315
T	1029	C	0.614
T	1029	A	-0.327
C	1030	G	-0.1738
C	1030	T	0.1808
T	1031	C	-0.9259
T	1031	G	-2.2422
T	1031	A	-1.8936
C	1032	T	0.5206
C	1032	G	0.0681
G	1033	A	0.7232
G	1033	C	-0.2816
T	1034	C	0.4502
T	1034	A	-2.2332
T	1034	G	-1.9457
C	1035	G	0.3651
C	1035	T	1.2331
A	1036	T	-0.7335
A	1036	C	0.0789
A	1036	G	0.8379
A	1037	G	0.6297
A	1037	T	-1.0112
A	1037	C	0.0749
T	1038	G	0.0214
T	1038	C	0.4877
T	1038	A	-0.1014
C	1039	G	-0.4946
C	1039	T	0.3651
T	1040	C	0.072
T	1040	G	-1.2633
T	1040	A	-0.1449
C	1041	T	0.57
C	1041	G	-0.1035
C	1042	G	-0.9613
C	1042	T	0.7206
G	1043	A	0.8368
G	1043	C	0.4
C	1044	G	-0.2728
C	1044	T	0.8215
G	1045	A	1.6133
G	1045	C	0.6595
A	1046	T	-0.0806
A	1046	G	0.3904
A	1046	C	-0.0176
G	1047	C	-0.0178
G	1047	A	0.7823
G	1048	A	0.5773
G	1048	C	0.0094
A	1049	T	-1.0713
A	1049	G	0.3743
A	1049	C	-0.6978
C	1050	G	0.1793
C	1050	T	1.5229
T	1051	G	-1.6453
T	1051	C	0.2203
T	1051	A	-1.7653
G	1052	C	-2.1384
G	1052	A	0.6778
G	1053	C	-0.5426
G	1053	A	-0.0966
G	1054	C	-1.207
G	1054	A	0.3519
G	1055	C	-1.4949
G	1055	A	0.2537
A	1056	C	0.0405
A	1056	G	1.6957
A	1056	T	0.641
C	1057	T	0.9033
C	1057	G	0.1699
C	1058	T	1.0092
C	1058	G	-0.1965
C	1059	G	0.2621
C	1059	T	1.2121
T	1060	G	-0.4724
T	1060	C	-0.5387
T	1060	A	-0.1018
G	1061	C	-2.3904
G	1061	A	1.1178
T	1062	C	1.0333
T	1062	A	-2.3557
T	1062	G	-1.8941
G	1063	A	1.2066
G	1063	C	0.2881
A	1064	G	0.7053
A	1064	C	0.3357
A	1064	T	0.1329
C	1065	T	1.2207
C	1065	G	0.4468
G	1066	A	0.8339
G	1066	C	0.2957
A	1067	T	0.0701
A	1067	C	0.179
A	1067	G	0.7039
A	1068	T	0.6952
A	1068	G	1.147
A	1068	C	0.5042
C	1069	T	1.6389
C	1069	G	0.6636
A	1070	C	1.509
A	1070	G	1.6864
A	1070	T	0.9161
T	1071	C	1.2631
T	1071	A	0.072
T	1071	G	2.4865
G	1072	C	0.0982
G	1072	A	1.3485
G	1073	A	2.1436
G	1073	C	0.6238
A	1074	C	0.9683
A	1074	G	0.7596
A	1074	T	0.6919
G	1075	A	0.801
G	1075	C	0.5931
A	1076	G	1.8138
A	1076	T	1.4966
A	1076	C	-0.1066
A	1077	T	2.3446
A	1077	G	2.2884
A	1077	C	1.9358
C	1078	T	1.6382
C	1078	G	-0.3862
A	1079	C	0.1768
A	1079	G	2.0623
A	1079	T	0.9578
T	1080	G	-0.3192
T	1080	C	0.8395
T	1080	A	0.3137
C	1081	T	1.9774
C	1081	G	0.1905
A	1082	C	1.1634
A	1082	G	1.8777
A	1082	T	0.7342
C	1083	G	-0.0169
C	1083	T	2.1875
A	1084	G	1.3546
A	1084	C	1.3027
A	1084	T	-0.4858
T	1085	C	1.0443
T	1085	A	-1.0974
T	1085	G	-0.4934
C	1086	T	1.3769
C	1086	G	-0.4186
A	1087	G	0.6881
A	1087	C	0.9262
A	1087	T	0.1029
G	1088	C	0.0683
G	1088	A	0.7319
G	1089	C	0.449
G	1089	A	1.1478
A	1090	G	4.3126
A	1090	T	-1.827
A	1090	C	-0.5533
T	1091	C	1.4093
T	1091	A	-0.2086
T	1091	G	0.8618
T	1092	A	0.498
T	1092	C	1.3139
T	1092	G	-0.092
C	1093	T	0.4504
C	1093	G	-1.3521
C	1094	G	-1.7097
C	1094	T	1.3131
T	1095	C	0.7685
T	1095	G	0.689
T	1095	A	0.5818
A	1096	G	0.2312
A	1096	T	-1.2665
A	1096	C	0.759
G	1097	A	1.789
G	1097	C	-0.2935
G	1098	C	0.1215
G	1098	A	1.6695
A	1099	T	-0.6134
A	1099	G	0.6522
A	1099	C	-2.2301
C	1100	G	-0.6638
C	1100	T	-0.1399
C	1101	G	0.1456
C	1101	T	1.2981
C	1102	G	-0.6445
C	1102	T	0.7411
C	1103	T	-0.4971
C	1103	G	-2.39
T	1104	A	0.3509
T	1104	G	0.472
T	1104	C	0.9933
G	1105	A	0.9436
G	1105	C	-0.2163
C	1106	T	1.331
C	1106	G	-0.379
T	1107	A	0.4516
T	1107	C	1.0583
T	1107	G	0.5116
C	1108	G	-1.461
C	1108	T	0.8165
G	1109	A	0.8104
G	1109	C	-2.1614
T	1110	A	0.4821
T	1110	C	0.9228
T	1110	G	0.5139
G	1111	A	1.172
G	1111	C	0.22
T	1112	C	0.833
T	1112	G	-1.9372
T	1112	A	-1.9774
T	1113	A	0.6016
T	1113	C	0.8671
T	1113	G	0.2539
A	1114	T	0.2497
A	1114	C	-2.6022
A	1114	G	0.3044
C	1115	T	0.8079
C	1115	G	-2.2933
A	1116	T	0.8597
A	1116	G	0.8139
A	1116	C	0.9615
G	1117	A	0.1942
G	1117	C	-1.3776
G	1118	A	0.6582
G	1118	C	-0.6259
C	1119	G	0.2523
C	1119	T	1.1792
G	1120	A	1.0922
G	1120	C	-0.4782
G	1121	A	0.4557
G	1121	C	-0.1843
G	1122	A	1.5374
G	1122	C	0.1653
G	1123	A	1.3135
G	1123	C	0.2342
T	1124	G	-0.07
T	1124	C	1.1538
T	1124	A	-2.1484
T	1125	G	0.3455
T	1125	A	0.3534
T	1125	C	1.4369
T	1126	C	1.6336
T	1126	G	0.0144
T	1126	A	0.9619
T	1127	C	1.0419
T	1127	A	0.6789
T	1127	G	0.3819
T	1128	A	-0.3379
T	1128	C	1.5731
T	1128	G	-0.5007
C	1129	T	-1.1804
C	1129	G	0.0773
T	1130	C	-0.3397
T	1130	G	-2.4784
T	1130	A	-1.973
T	1131	A	0.3012
T	1131	G	0.3997
T	1131	C	1.2351
G	1132	C	0.2729
G	1132	A	1.5041
T	1133	C	0.8177
T	1133	A	-2.5346
T	1133	G	-0.4266
T	1134	C	1.3821
T	1134	G	0.5268
T	1134	A	0.7941
G	1135	A	1.8787
G	1135	C	-0.2009
A	1136	C	0.3872
A	1136	G	0.4953
A	1136	T	-0.5974
C	1137	G	0.1139
C	1137	T	1.4628
A	1138	C	0.5188
A	1138	T	-1.8841
A	1138	G	0.4387
A	1139	T	-0.1799
A	1139	G	1.3754
A	1139	C	-0.1578
G	1140	A	1.4728
G	1140	C	-0.5528
A	1141	T	-0.4813
A	1141	G	1.8735
A	1141	C	0.2371
A	1142	G	2.0723
A	1142	C	0.6966
A	1142	T	0.1441
T	1143	A	0.2441
T	1143	G	0.633
T	1143	C	1.5198
C	1144	G	0.2518
C	1144	T	1.0662
C	1145	G	0.6194
C	1145	T	0.7626
T	1146	C	1.0425
T	1146	A	0.3156
T	1146	G	1.0998
C	1147	G	0.6321
C	1147	T	1.7544
A	1148	C	1.2546
A	1148	T	0.7348
A	1148	G	1.8663
C	1149	T	1.8324
C	1149	G	0.328
A	1150	C	0.9235
A	1150	T	0.756
A	1150	G	1.6763
A	1151	C	0.5071
A	1151	T	0.0721
A	1151	G	1.8409
T	1152	C	1.2542
T	1152	G	0.5189
T	1152	A	0.598
A	1153	T	0.6826
A	1153	C	0.1307
A	1153	G	1.2796
C	1154	G	0.2784
C	1154	T	0.8191
C	1155	T	1.5766
C	1155	G	0.226
G	1156	A	0.7424
G	1156	C	0.1542
C	1157	G	0.7035
C	1157	T	1.1068
A	1158	G	1.0242
A	1158	T	1.0091
A	1158	C	1.0161
G	1159	A	0.7699
G	1159	C	0.028
A	1160	G	0.4281
A	1160	C	0.2856
A	1160	T	0.3311
G	1161	C	0.2953
G	1161	A	0.6442
T	1162	A	0.0216
T	1162	C	0.7305
T	1162	G	0.6344
C	1163	T	0.1259
C	1163	G	0.0793
T	1164	A	0.6422
T	1164	G	0.2966
T	1164	C	0.7975
A	1165	C	0.1045
A	1165	G	0.0644
A	1165	T	-2.8768
G	1166	C	-0.4798
G	1166	A	0.3426
A	1167	G	0.5833
A	1167	C	-2.892
A	1167	T	-2.1627
C	1168	T	0.1854
C	1168	G	-0.3737
T	1169	G	-2.0585
T	1169	A	-1.3781
T	1169	C	-0.0021
C	1170	G	0.2419
C	1170	T	1.2027
G	1171	A	0.8235
G	1171	C	0.2352
T	1172	C	0.7359
T	1172	G	-1.6271
T	1172	A	-2.2368
G	1173	A	1.1309
G	1173	C	0.7379
G	1174	A	1.8557
G	1174	C	-0.6446
T	1175	A	-1.9218
T	1175	C	1.3325
T	1175	G	0.3604
G	1176	A	1.0057
G	1176	C	0.9363
G	1177	A	1.3687
G	1177	C	-1.0984
A	1178	G	0.8545
A	1178	T	-2.3095
A	1178	C	-1.2128
C	1179	T	1.5512
C	1179	G	-0.3866
T	1180	A	-1.0965
T	1180	C	0.7488
T	1180	G	-0.9314
T	1181	C	1.0006
T	1181	G	0.2237
T	1181	A	0.1293
C	1182	T	0.7772
C	1182	G	-0.3417
T	1183	A	-0.6009
T	1183	G	0.0347
T	1183	C	0.0923
C	1184	T	0.2448
C	1184	G	-0.1509
T	1185	C	0.8906
T	1185	G	0.1286
T	1185	A	0.0652
C	1186	G	-2.1188
C	1186	T	-0.6649
A	1187	C	-1.106
A	1187	G	0.9319
A	1187	T	-1.1112
A	1188	C	-1.089
A	1188	T	0.5651
A	1188	G	1.0693
T	1189	G	-2.0464
T	1189	C	-0.932
T	1189	A	-1.7692
T	1190	G	-1.4615
T	1190	C	-1.2195
T	1190	A	0.07
T	1191	G	-1.7877
T	1191	C	0.5387
T	1191	A	-1.69
T	1192	A	-0.0532
T	1192	G	-0.0965
T	1192	C	-0.2581
C	1193	G	-0.838
C	1193	T	-0.4823
T	1194	G	0.3383
T	1194	A	0.2696
T	1194	C	1.1594
A	1195	C	0.4656
A	1195	T	-0.0276
A	1195	G	0.4196
G	1196	A	0.9812
G	1196	C	0.0483
G	1197	A	0.8658
G	1197	C	-0.3804
G	1198	A	0.4314
G	1198	C	-0.7142
G	1199	C	-0.4962
G	1199	A	0.0788
G	1200	A	1.8106
G	1200	C	0.7148
A	1201	C	0.51
A	1201	T	0.8038
A	1201	G	4.4941
T	1202	C	1.5541
T	1202	G	0.8786
T	1202	A	0.7275
C	1203	T	1.0211
C	1203	G	0.3961
T	1204	G	0.1689
T	1204	C	0.2941
T	1204	A	0.2365
C	1205	T	0.1909
C	1205	G	-0.1602
C	1206	T	0.7017
C	1206	G	-0.1482
C	1207	T	0.8691
C	1207	G	0.049
G	1208	C	0.0312
G	1208	A	0.9406
T	1209	A	0.1049
T	1209	G	0.5401
T	1209	C	0.762
G	1210	C	0.2953
G	1210	A	1.7404
T	1211	A	0.0776
T	1211	G	0.1474
T	1211	C	0.4075
G	1212	A	1.0669
G	1212	C	0.7222
T	1213	A	0.2554
T	1213	G	0.1547
T	1213	C	0.9582
C	1214	T	0.691
C	1214	G	0.218
T	1215	G	0.4202
T	1215	C	1.109
T	1215	A	0.8634
T	1216	C	-0.0583
T	1216	A	-2.005
T	1216	G	-0.9596
G	1217	C	-0.6974
G	1217	A	-0.6978
G	1218	A	0.1162
G	1218	C	0.3608
C	1219	T	0.3635
C	1219	G	-3.1929
C	1220	T	-0.6444
C	1220	G	-2.9473
A	1221	G	1.2209
A	1221	T	0.3654
A	1221	C	0.566
A	1222	C	-0.3982
A	1222	T	-1.5897
A	1222	G	0.6858
A	1223	T	-1.1899
A	1223	G	1.3388
A	1223	C	-0.6305
A	1224	G	1.5784
A	1224	C	-0.653
A	1224	T	-0.4091
T	1225	G	-0.9276
T	1225	A	0.3904
T	1225	C	-0.4737
T	1226	G	-0.9262
T	1226	A	0.6534
T	1226	C	0.144
C	1227	T	1.3725
C	1227	G	-0.4648
G	1228	A	0.6155
G	1228	C	-2.1374
C	1229	G	-1.2714
C	1229	T	0.3488
A	1230	T	0.4565
A	1230	C	0.6426
A	1230	G	1.0573
G	1231	C	-0.475
G	1231	A	1.53
T	1232	G	-1.5847
T	1232	A	-2.0044
T	1232	C	2.8506
C	1233	G	0.4241
C	1233	T	0.8163
C	1234	T	-0.2459
C	1234	G	-2.2719
C	1235	G	-3.8271
C	1235	T	-0.0566
C	1236	G	-0.0734
C	1236	T	1.5329
A	1237	G	1.2026
A	1237	C	0.0039
A	1237	T	-1.0347
A	1238	G	1.4774
A	1238	C	-0.7741
A	1238	T	-1.295
C	1239	T	0.5473
C	1239	G	-0.9863
C	1240	T	-0.2622
C	1240	G	-0.0629
T	1241	G	-1.7798
T	1241	C	0.4745
T	1241	A	0.063
C	1242	G	0.4009
C	1242	T	0.8383
C	1243	T	-0.4109
C	1243	G	-0.274
A	1244	C	-0.0328
A	1244	G	1.1441
A	1244	T	-1.0391
A	1245	C	-0.4333
A	1245	G	1.3694
A	1245	T	-0.207
T	1246	A	-0.1352
T	1246	G	0.0676
T	1246	C	0.1346
C	1247	T	0.1592
C	1247	G	-3.7176
A	1248	C	1.3044
A	1248	G	1.5434
A	1248	T	0.4175
C	1249	G	0.4286
C	1249	T	0.5897
T	1250	G	-2.725
T	1250	A	-1.5061
T	1250	C	-0.3315
C	1251	T	1.1404
C	1251	G	0.4387
A	1252	G	0.6442
A	1252	C	-2.4643
A	1252	T	-0.3618
C	1253	G	-0.4882
C	1253	T	0.8349
C	1254	G	0.1743
C	1254	T	1.7096
A	1255	T	-1.7932
A	1255	C	-1.9
A	1255	G	0.7861
A	1256	G	-0.4529
A	1256	T	-1.7629
A	1256	C	-2.0495
C	1257	T	0.634
C	1257	G	-3.9565
C	1258	G	-0.9978
C	1258	T	-0.2259
T	1259	G	-2.2517
T	1259	C	-0.0596
T	1259	A	-1.2476
C	1260	T	0.8489
C	1260	G	0.5283
C	1261	T	0.6936
C	1261	G	-1.0888
T	1262	A	-1.8715
T	1262	C	-0.2757
T	1262	G	-1.7684
G	1263	C	0.4599
G	1263	A	1.1894
T	1264	A	-1.1241
T	1264	C	0.3473
T	1264	G	-0.3741
C	1265	T	-0.6298
C	1265	G	-0.175
C	1266	G	-0.0691
C	1266	T	0.4183
T	1267	G	-0.08
T	1267	C	-0.3472
T	1267	A	0.3994
C	1268	T	-0.066
C	1268	G	-0.0159
C	1269	T	0.6843
C	1269	G	0.5709
A	1270	C	-0.0194
A	1270	T	-2.259
A	1270	G	1.7794
A	1271	G	1.037
A	1271	T	-0.7732
A	1271	C	-0.4518
T	1272	C	0.4758
T	1272	A	1.2115
T	1272	G	0.1177
T	1273	A	0.0769
T	1273	C	1.1443
T	1273	G	0.2334
T	1274	C	0.941
T	1274	G	-1.0593
T	1274	A	-3.4036
G	1275	C	-0.3752
G	1275	A	1.1741
T	1276	G	0.2941
T	1276	C	-0.7593
T	1276	A	0.2145
C	1277	T	0.3671
C	1277	G	0.4086
C	1278	T	0.5928
C	1278	G	0.0765
T	1279	C	-0.3532
T	1279	A	-1.9097
T	1279	G	-1.8394
G	1280	A	0.0333
G	1280	C	-2.2915
G	1281	A	0.3037
G	1281	C	-2.5658
T	1282	A	0.0006
T	1282	C	1.3847
T	1282	G	-0.1175
T	1283	A	-2.452
T	1283	C	1.3883
T	1283	G	-2.8752
A	1284	C	-0.0308
A	1284	T	0.1006
A	1284	G	3.7283
T	1285	G	-0.2959
T	1285	A	0.0703
T	1285	C	-1.048
C	1286	T	0.919
C	1286	G	-2.2591
G	1287	C	0.8809
G	1287	A	0.9472
C	1288	T	0.9416
C	1288	G	-1.0258
T	1289	G	-0.7754
T	1289	A	-0.5789
T	1289	C	-0.0432
G	1290	A	0.7992
G	1290	C	0.3416
G	1291	A	0.6585
G	1291	C	-1.0056
A	1292	T	-2.2005
A	1292	C	-3.1821
A	1292	G	-0.035
T	1293	G	-1.1093
T	1293	C	1.2589
T	1293	A	-2.8052
G	1294	C	0.5295
G	1294	A	1.3848
T	1295	C	0.6124
T	1295	A	-2.3123
T	1295	G	-1.911
G	1296	C	1.1592
G	1296	A	1.1453
T	1297	C	-0.1726
T	1297	A	0.2508
T	1297	G	-0.1248
C	1298	T	1.2485
C	1298	G	0.1018
T	1299	G	0.7334
T	1299	C	0.9684
T	1299	A	0.8066
G	1300	A	1.159
G	1300	C	-1.8579
C	1301	G	0.1902
C	1301	T	0.7247
G	1302	C	0.2679
G	1302	A	1.0796
G	1303	A	0.7009
G	1303	C	-2.6663
C	1304	G	0.2274
C	1304	T	0.5237
G	1305	C	0.2935
G	1305	A	1.2913
T	1306	G	-1.478
T	1306	A	-2.2138
T	1306	C	0.4504
T	1307	C	0.4115
T	1307	A	0.8936
T	1307	G	-1.4768
T	1308	C	1.7033
T	1308	A	-0.2663
T	1308	G	-0.5908
T	1309	G	-2.4809
T	1309	C	-0.359
T	1309	A	-2.634
A	1310	G	-0.4592
A	1310	C	-2.6215
A	1310	T	0.1701
T	1311	G	-3.3757
T	1311	C	0.7061
T	1311	A	-1.4741
C	1312	G	-3.1784
C	1312	T	0.8275
A	1313	T	-1.5252
A	1313	G	0.8391
A	1313	C	-2.3315
T	1314	A	-0.6033
T	1314	G	-0.7164
T	1314	C	0.6926
A	1315	C	0.0653
A	1315	G	1.0318
A	1315	T	-0.1064
T	1316	G	-2.3991
T	1316	C	0.2827
T	1316	A	-2.0452
T	1317	G	-0.2609
T	1317	C	0.886
T	1317	A	0.3722
C	1318	T	-0.5054
C	1318	G	-1.2996
C	1319	G	-3.0259
C	1319	T	-1.0349
T	1320	C	0.8035
T	1320	G	0.2052
T	1320	A	0.1868
C	1321	T	0.2695
C	1321	G	-0.493
T	1322	C	0.3265
T	1322	G	-1.0965
T	1322	A	-0.6241
T	1323	A	0.2892
T	1323	G	0.2377
T	1323	C	0.8206
C	1324	T	0.9498
C	1324	G	-1.6742
A	1325	G	1.0446
A	1325	C	-0.7168
A	1325	T	-0.6096
T	1326	A	-0.2232
T	1326	G	-0.8654
T	1326	C	0.9343
C	1327	G	-0.2238
C	1327	T	0.9981
C	1328	G	-1.5426
C	1328	T	-0.5035
T	1329	C	0.4812
T	1329	G	1.1403
T	1329	A	0.6261
G	1330	A	0.6395
G	1330	C	-1.7249
C	1331	G	0.3351
C	1331	T	0.585
T	1332	A	0.6826
T	1332	G	0.5583
T	1332	C	0.3881
G	1333	C	-1.8893
G	1333	A	1.2687
C	1334	T	1.5545
C	1334	G	-0.2426
T	1335	C	0.5265
T	1335	A	0.3163
T	1335	G	0.0716
A	1336	G	1.082
A	1336	T	-0.2914
A	1336	C	-0.3387
T	1337	G	-1.8127
T	1337	A	-1.9141
T	1337	C	0.9928
G	1338	C	0.7841
G	1338	A	1.3038
C	1339	G	-1.5655
C	1339	T	0.277
C	1340	T	0.3546
C	1340	G	-1.5736
T	1341	C	0.4948
T	1341	G	0.4503
T	1341	A	0.6379
C	1342	T	0.159
C	1342	G	-2.3725
A	1343	T	-0.6109
A	1343	C	-1.2918
A	1343	G	0.8384
T	1344	C	0.8628
T	1344	G	-0.1904
T	1344	A	-0.0643
C	1345	G	-0.3515
C	1345	T	0.0065
T	1346	C	0.7526
T	1346	A	-0.2326
T	1346	G	-1.5401
T	1347	C	1.085
T	1347	G	0.8759
T	1347	A	0.3172
C	1348	T	-1.0351
C	1348	G	-0.6854
T	1349	G	-0.9333
T	1349	A	-1.8696
T	1349	C	0.4915
T	1350	A	0.7989
T	1350	G	0.3782
T	1350	C	1.0618
A	1351	T	-1.5589
A	1351	G	1.7137
A	1351	C	-0.0248
T	1352	C	0.7601
T	1352	G	-0.9113
T	1352	A	-1.4289
T	1353	C	1.4927
T	1353	A	0.0838
T	1353	G	0.1278
G	1354	A	0.258
G	1354	C	-2.1787
G	1355	C	-1.9072
G	1355	A	0.4273
T	1356	A	0.1796
T	1356	G	0.0982
T	1356	C	0.7562
T	1357	C	-0.1781
T	1357	G	0.4871
T	1357	A	0.1595
C	1358	G	-0.0585
C	1358	T	-0.4312
T	1359	G	0.1112
T	1359	C	1.271
T	1359	A	0.5841
T	1360	A	0.2143
T	1360	G	0.4709
T	1360	C	0.9295
C	1361	G	0.3047
C	1361	T	-0.3725
T	1362	C	1.1561
T	1362	A	0.2818
T	1362	G	1.085
G	1363	C	-0.8754
G	1363	A	0.364
G	1364	A	0.8099
G	1364	C	0.2027
A	1365	G	1.3364
A	1365	C	0.4961
A	1365	T	0.2541
T	1366	C	0.6575
T	1366	G	0.5634
T	1366	A	0.2115
T	1367	G	-3.8609
T	1367	C	0.4211
T	1367	A	-3.3274
A	1368	T	0.0907
A	1368	C	0.3996
A	1368	G	1.298
T	1369	G	0.5415
T	1369	A	-0.0572
T	1369	C	1.0566
C	1370	G	-3.0251
C	1370	T	0.3902
A	1371	C	0.8737
A	1371	T	0.7424
A	1371	G	0.995
A	1372	T	-0.432
A	1372	G	1.0182
A	1372	C	0.3677
G	1373	C	-0.3529
G	1373	A	1.0139
G	1374	C	0.2681
G	1374	A	0.6048
T	1375	G	-0.6405
T	1375	A	0.0203
T	1375	C	0.6647
A	1376	G	0.7413
A	1376	T	-0.0132
A	1376	C	-0.2232
T	1377	A	-2.9936
T	1377	G	-2.0843
T	1377	C	1.2524
G	1378	A	1.4605
G	1378	C	0.628
T	1379	C	0.9464
T	1379	G	-0.1947
T	1379	A	-0.5183
T	1380	G	0.4734
T	1380	C	1.2334
T	1380	A	0.1149
G	1381	C	-0.3606
G	1381	A	1.12
C	1382	G	0.1834
C	1382	T	0.8566
C	1383	T	0.7111
C	1383	G	0.4584
C	1384	G	-0.5754
C	1384	T	0.3803
G	1385	C	-0.143
G	1385	A	0.8445
T	1386	C	0.7315
T	1386	G	0.6711
T	1386	A	0.2858
T	1387	C	1.1195
T	1387	G	0.2544
T	1387	A	0.3505
T	1388	A	-2.7528
T	1388	G	-0.2449
T	1388	C	1.1937
G	1389	A	1.0423
G	1389	C	0.4135
T	1390	C	0.444
T	1390	A	0.6028
T	1390	G	0.25
C	1391	T	0.7343
C	1391	G	0.0302
C	1392	G	0.5078
C	1392	T	1.046
T	1393	G	0.7112
T	1393	A	0.4223
T	1393	C	0.6783
C	1394	G	-0.0066
C	1394	T	0.4778
T	1395	C	0.6605
T	1395	A	0.9477
T	1395	G	0.4926
A	1396	C	0.4553
A	1396	G	1.1013
A	1396	T	0.4214
A	1397	T	0.199
A	1397	G	1.1437
A	1397	C	0.3855
T	1398	A	0.1195
T	1398	C	0.9808
T	1398	G	0.2696
T	1399	C	0.8818
T	1399	G	0.3253
T	1399	A	0.3788
C	1400	G	0.446
C	1400	T	0.8458
C	1401	G	0.1049
C	1401	T	1.0062
A	1402	G	0.5436
A	1402	C	0.8262
A	1402	T	0.5098
G	1403	A	0.0782
G	1403	C	0.5078
G	1404	C	0.8294
G	1404	A	1.031
A	1405	G	0.883
A	1405	T	0.4568
A	1405	C	0.3873
T	1406	G	0.987
T	1406	C	1.6505
T	1406	A	0.1227
C	1407	T	1.5362
C	1407	G	0.4488
A	1408	G	1.3939
A	1408	T	0.3068
A	1408	C	0.0811
A	1409	G	1.0941
A	1409	C	0.0663
A	1409	T	0.5383
C	1410	G	0.6287
C	1410	T	1.5941
A	1411	G	1.2586
A	1411	C	0.0258
A	1411	T	0.1639
A	1412	G	0.8272
A	1412	C	0.2567
A	1412	T	-0.059
C	1413	T	1.1658
C	1413	G	0.0523
A	1414	C	1.0131
A	1414	G	1.6335
A	1414	T	0.321
A	1415	T	0.1593
A	1415	C	0.1426
A	1415	G	0.7583
C	1416	T	1.2107
C	1416	G	0.3721
C	1417	G	0.5948
C	1417	T	0.5166
A	1418	G	1.2863
A	1418	C	1.5101
A	1418	T	0.8083
G	1419	C	0.4366
G	1419	A	1.1506
T	1420	A	0.7182
T	1420	C	0.9045
T	1420	G	0.0795
A	1421	T	0.5892
A	1421	C	0.3785
A	1421	G	1.2819
C	1422	G	-2.9908
C	1422	T	1.1502
G	1423	C	0.3231
G	1423	A	1.346
G	1424	C	0.4826
G	1424	A	0.8822
G	1425	C	0.3376
G	1425	A	1.0798
A	1426	C	0.2327
A	1426	G	1.0895
A	1426	T	0.136
C	1427	G	0.3257
C	1427	T	0.9422
C	1428	G	0.5954
C	1428	T	0.8616
A	1429	G	1.5276
A	1429	C	1.357
A	1429	T	0.9258
T	1430	A	-0.0139
T	1430	C	0.6797
T	1430	G	0.2594
G	1431	C	0.4529
G	1431	A	0.6929
C	1432	G	0.1582
C	1432	T	0.0594
A	1433	C	0.565
A	1433	T	0.3868
A	1433	G	0.9207
A	1434	C	0.1704
A	1434	T	-0.1597
A	1434	G	1.543
A	1435	C	0.2634
A	1435	T	0.1476
A	1435	G	1.9757
A	1436	C	0.2526
A	1436	T	-0.1015
A	1436	G	0.9678
C	1437	T	0.5021
C	1437	G	-0.1712
C	1438	G	0.1027
C	1438	T	0.699
T	1439	C	0.7859
T	1439	G	-0.0573
T	1439	A	0.5105
G	1440	A	1.2399
G	1440	C	0.7132
C	1441	T	0.6373
C	1441	G	-2.1776
A	1442	G	0.1564
A	1442	C	-2.4763
A	1442	T	-2.0206
C	1443	T	2.0968
C	1443	G	-2.8398
G	1444	A	1.4105
G	1444	C	0.3318
A	1445	G	0.825
A	1445	C	-0.3018
A	1445	T	0.2433
C	1446	G	0.2321
C	1446	T	0.8248
T	1447	A	0.2175
T	1447	C	0.3313
T	1447	G	0.1371
C	1448	T	0.7396
C	1448	G	-0.0953
C	1449	G	0.012
C	1449	T	0.9185
T	1450	G	-1.4381
T	1450	A	-2.1134
T	1450	C	0.0635
G	1451	A	0.1434
G	1451	C	-1.4315
C	1452	T	1.1878
C	1452	G	-3.043
T	1453	G	-0.3642
T	1453	A	0.79
T	1453	C	0.4342
C	1454	T	0.0259
C	1454	G	-2.8437
A	1455	G	1.1614
A	1455	C	0.8863
A	1455	T	0.5503
A	1456	G	0.4047
A	1456	T	-0.1433
A	1456	C	0.2887
G	1457	C	-0.2416
G	1457	A	1.5378
G	1458	C	0.2831
G	1458	A	0.8004
C	1459	T	0.2928
C	1459	G	1.2329
A	1460	T	-0.1162
A	1460	G	1.0534
A	1460	C	0.2913
A	1461	G	1.5688
A	1461	T	0.376
A	1461	C	0.33
C	1462	T	0.6052
C	1462	G	0.5191
T	1463	C	0.5416
T	1463	A	0.3062
T	1463	G	-0.1883
C	1464	T	0.647
C	1464	G	0.1247
T	1465	G	-1.4807
T	1465	A	-0.2682
T	1465	C	0.3599
A	1466	G	1.2946
A	1466	C	0.0136
A	1466	T	0.5104
T	1467	A	-2.7762
T	1467	G	0.8221
T	1467	C	1.1075
G	1468	A	1.4009
G	1468	C	0.3725
T	1469	C	1.1356
T	1469	G	-0.3723
T	1469	A	0.9461
T	1470	C	0.8735
T	1470	A	0.0995
T	1470	G	0.256
T	1471	A	0.1549
T	1471	G	0.4993
T	1471	C	0.8727
C	1472	G	-0.0185
C	1472	T	0.1983
C	1473	T	0.6271
C	1473	G	0.4108
C	1474	T	0.6525
C	1474	G	-0.6545
T	1475	G	-1.2302
T	1475	C	-0.4894
T	1475	A	-0.1779
C	1476	T	1.5218
C	1476	G	0.2709
A	1477	C	1.5547
A	1477	T	0.5753
A	1477	G	2.0756
T	1478	C	0.7818
T	1478	G	0.4145
T	1478	A	-0.9392
G	1479	C	0.0471
G	1479	A	0.9639
T	1480	A	0.1292
T	1480	G	0.1884
T	1480	C	0.9116
T	1481	C	0.9859
T	1481	G	-0.1379
T	1481	A	-2.2992
G	1482	C	0.7085
G	1482	A	1.2091
C	1483	T	1.1638
C	1483	G	-0.2251
T	1484	C	0.6096
T	1484	G	-0.2106
T	1484	A	0.1366
G	1485	C	0.4265
G	1485	A	1.2663
T	1486	G	-0.7787
T	1486	A	-0.7133
T	1486	C	0.2512
A	1487	C	-0.3922
A	1487	T	-0.0045
A	1487	G	1.1117
C	1488	G	-2.7967
C	1488	T	0.5662
A	1489	T	-2.7327
A	1489	G	1.586
A	1489	C	1.1588
A	1490	T	0.0327
A	1490	G	2.4354
A	1490	C	0.2258
A	1491	G	1.7718
A	1491	T	0.5595
A	1491	C	-0.0372
A	1492	T	0.3634
A	1492	G	1.2065
A	1492	C	-0.8742
C	1493	G	0.0492
C	1493	T	0.8494
C	1494	T	0.989
C	1494	G	0.3616
T	1495	A	-0.8535
T	1495	G	-1.057
T	1495	C	1.1437
A	1496	T	0.2909
A	1496	C	-1.7172
A	1496	G	0.4656
C	1497	T	1.3736
C	1497	G	-0.4814
G	1498	C	-0.028
G	1498	A	1.4204
G	1499	A	0.4305
G	1499	C	-0.3828
A	1500	G	1.9904
A	1500	T	0.6407
A	1500	C	0.167
T	1501	G	1.157
T	1501	C	1.2405
T	1501	A	0.2997
G	1502	A	0.7918
G	1502	C	0.7598
G	1503	A	1.1975
G	1503	C	0.8023
A	1504	C	-0.1067
A	1504	G	1.4112
A	1504	T	-1.2691
A	1505	T	-1.2516
A	1505	C	0.1745
A	1505	G	1.1306
A	1506	C	0.32
A	1506	T	0.607
A	1506	G	1.4972
T	1507	C	0.8929
T	1507	G	0.0899
T	1507	A	0.268
T	1508	C	2.0104
T	1508	A	-1.3476
T	1508	G	-1.7533
G	1509	A	1.5145
G	1509	C	0.3292
C	1510	G	-0.6989
C	1510	T	0.7636
A	1511	G	0.9358
A	1511	C	-1.6286
A	1511	T	-1.0722
C	1512	G	-1.0156
C	1512	T	0.9073
C	1513	G	-0.4054
C	1513	T	1.2089
T	1514	A	1.1379
T	1514	C	0.6629
T	1514	G	1.504
G	1515	C	0.7093
G	1515	A	1.6936
T	1516	A	-1.6122
T	1516	C	0.4057
T	1516	G	-1.9502
A	1517	T	-0.0913
A	1517	G	0.0197
A	1517	C	-2.6283
T	1518	A	-3.4009
T	1518	C	0.8653
T	1518	G	-2.2854
T	1519	A	0.5196
T	1519	G	-0.2799
T	1519	C	0.5047
C	1520	G	0.0027
C	1520	T	0.3276
C	1521	G	0.1846
C	1521	T	0.7891
C	1522	T	0.5927
C	1522	G	-1.3953
A	1523	T	-2.1692
A	1523	G	0.2071
A	1523	C	-1.4498
T	1524	A	-1.665
T	1524	G	-1.4404
T	1524	C	0.8487
C	1525	G	-0.003
C	1525	T	1.0574
C	1526	T	-0.1921
C	1526	G	-1.6403
C	1527	T	1.018
C	1527	G	0.3415
A	1528	T	0.2116
A	1528	G	1.0902
A	1528	C	1.6788
T	1529	G	-0.0596
T	1529	C	1.082
T	1529	A	-0.4461
C	1530	G	0.1528
C	1530	T	1.1125
G	1531	A	1.588
G	1531	C	-0.5984
T	1532	A	-1.6287
T	1532	G	-1.0157
T	1532	C	0.7219
C	1533	T	0.9985
C	1533	G	0.3338
C	1534	T	0.6318
C	1534	G	-0.4196
T	1535	G	-0.5276
T	1535	C	-0.4529
T	1535	A	-0.1229
G	1536	C	0.7235
G	1536	A	0.3962
G	1537	A	0.578
G	1537	C	0.1741
G	1538	A	0.944
G	1538	C	-0.491
C	1539	G	0.4468
C	1539	T	1.4204
T	1540	A	-1.864
T	1540	C	0.0875
T	1540	G	-1.3755
T	1541	C	1.0546
T	1541	A	0.5985
T	1541	G	0.6225
T	1542	G	-1.5732
T	1542	A	-1.3388
T	1542	C	0.8546
C	1543	G	-2.6283
C	1543	T	0.6368
G	1544	C	-0.8318
G	1544	A	0.1252
C	1545	T	1.3796
C	1545	G	0.327
A	1546	C	-2.4862
A	1546	G	0.8844
A	1546	T	-2.4356
A	1547	G	2.1842
A	1547	T	-0.8782
A	1547	C	-1.1775
A	1548	T	-1.4616
A	1548	C	-2.1021
A	1548	G	1.2443
A	1549	G	1.2439
A	1549	C	0.2801
A	1549	T	0.4966
T	1550	C	0.5733
T	1550	G	-3.7433
T	1550	A	-1.4074
A	1551	G	1.8597
A	1551	C	0.5422
A	1551	T	0.8387
C	1552	T	0.5191
C	1552	G	-0.5836
C	1553	T	-0.6888
C	1553	G	-2.7736
T	1554	A	0.2381
T	1554	C	0.6888
T	1554	G	0.6348
A	1555	C	-0.8624
A	1555	T	-1.1083
A	1555	G	-0.2527
T	1556	C	-0.6129
T	1556	G	-2.2402
T	1556	A	-2.6185
G	1557	C	-0.1526
G	1557	A	0.0752
G	1558	A	-0.581
G	1558	C	-2.6102
G	1559	C	-2.0068
G	1559	A	0.1313
A	1560	T	0.2417
A	1560	C	0.3575
A	1560	G	1.4389
G	1561	A	1.2745
G	1561	C	1.4559
T	1562	C	1.1879
T	1562	A	-2.4677
T	1562	G	-0.5557
G	1563	A	1.3724
G	1563	C	0.4068
G	1564	C	-0.665
G	1564	A	0.9754
G	1565	A	0.2266
G	1565	C	-0.4925
C	1566	G	0.2085
C	1566	T	1.3143
C	1567	T	-0.0962
C	1567	G	-0.5134
T	1568	G	-1.235
T	1568	C	-0.3447
T	1568	A	-1.1268
C	1569	T	1.2049
C	1569	G	0.3284
A	1570	T	0.4014
A	1570	C	-1.5195
A	1570	G	1.2218
G	1571	A	0.4169
G	1571	C	0.8568
T	1572	G	-2.0934
T	1572	C	1.2855
T	1572	A	-2.3197
C	1573	T	0.4683
C	1573	G	0.0287
C	1574	G	-2.7428
C	1574	T	-0.1048
G	1575	A	1.0146
G	1575	C	0.2961
T	1576	G	-1.8475
T	1576	C	-0.1937
T	1576	A	-2.6281
T	1577	A	-1.2744
T	1577	C	0.185
T	1577	G	-1.5337
T	1578	A	-2.0875
T	1578	C	0.8231
T	1578	G	-2.6281
C	1579	T	0.2447
C	1579	G	-0.9145
T	1580	G	-2.6397
T	1580	A	-1.2899
T	1580	C	-0.3601
C	1581	G	0.3793
C	1581	T	0.9338
T	1582	C	0.9825
T	1582	G	-0.0295
T	1582	A	0.8663
T	1583	A	-2.0596
T	1583	G	-0.2721
T	1583	C	-0.3713
G	1584	A	0.9661
G	1584	C	-0.1921
G	1585	A	1.2964
G	1585	C	-3.0151
C	1586	T	0.5829
C	1586	G	0.1339
T	1587	C	0.7963
T	1587	A	0.5123
T	1587	G	0.1191
C	1588	G	-1.8145
C	1588	T	0.1709
A	1589	C	-1.3225
A	1589	G	0.6686
A	1589	T	0.6722
G	1590	A	1.4321
G	1590	C	-0.7281
T	1591	G	-1.2786
T	1591	C	0.0365
T	1591	A	-2.6729
T	1592	C	-0.5183
T	1592	A	-0.8006
T	1592	G	-1.0931
T	1593	A	-0.2041
T	1593	C	1.6266
T	1593	G	-0.5705
A	1594	C	-2.95
A	1594	G	0.8647
A	1594	T	-0.1332
C	1595	T	1.9348
C	1595	G	-0.0183
T	1596	G	0.7637
T	1596	A	0.4604
T	1596	C	1.6374
A	1597	G	0.8795
A	1597	T	-0.1994
A	1597	C	-2.136
G	1598	C	0.3605
G	1598	A	0.9067
T	1599	G	-2.0886
T	1599	A	-0.0985
T	1599	C	1.2844
G	1600	C	-2.0592
G	1600	A	1.0643
C	1601	T	0.3925
C	1601	G	-0.2682
C	1602	T	0.9749
C	1602	G	-0.1586
A	1603	G	1.0916
A	1603	T	-0.0888
A	1603	C	1.2676
T	1604	G	-2.0733
T	1604	C	-0.0992
T	1604	A	-0.439
T	1605	A	0.4517
T	1605	G	-0.0038
T	1605	C	1.1432
T	1606	A	-0.5114
T	1606	C	0.4639
T	1606	G	-0.8654
G	1607	A	1.1132
G	1607	C	0.0744
T	1608	C	0.7294
T	1608	G	-1.5378
T	1608	A	-3.0696
T	1609	A	-2.0061
T	1609	C	-0.9666
T	1609	G	-0.6804
C	1610	G	-3.0166
C	1610	T	0.4835
A	1611	T	0.4661
A	1611	C	0.8564
A	1611	G	0.924
G	1612	A	0.6806
G	1612	C	-0.1155
T	1613	C	-0.458
T	1613	G	-1.4511
T	1613	A	-3.0728
G	1614	A	0.4882
G	1614	C	0.4818
G	1615	A	0.9863
G	1615	C	0.2605
T	1616	G	-2.055
T	1616	A	-2.6537
T	1616	C	0.1714
T	1617	C	0.7432
T	1617	G	0.1024
T	1617	A	0.4691
C	1618	T	-0.1776
C	1618	G	-3.3952
G	1619	A	0.7395
G	1619	C	-2.7457
T	1620	A	0.6216
T	1620	C	0.569
T	1620	G	0.2182
A	1621	G	0.463
A	1621	C	0.3382
A	1621	T	-2.0564
G	1622	A	-0.2323
G	1622	C	-1.3795
G	1623	A	0.9162
G	1623	C	-1.458
G	1624	A	0.9189
G	1624	C	-2.0178
C	1625	T	0.8432
C	1625	G	-0.8507
T	1626	A	0.4835
T	1626	C	0.7901
T	1626	G	0.3701
T	1627	A	0.0673
T	1627	G	-1.25
T	1627	C	0.6093
T	1628	A	-0.4057
T	1628	C	1.8586
T	1628	G	-1.4032
C	1629	T	0.9568
C	1629	G	-1.7139
C	1630	T	0.0955
C	1630	G	-1.1392
C	1631	G	-0.4359
C	1631	T	-0.366
C	1632	G	0.034
C	1632	T	0.9245
C	1633	T	0.0301
C	1633	G	-0.6877
A	1634	G	-0.1568
A	1634	C	-2.5083
A	1634	T	-2.0876
C	1635	T	0.9576
C	1635	G	-0.8444
T	1636	A	-0.4221
T	1636	G	-0.6651
T	1636	C	-0.3777
G	1637	C	-0.3737
G	1637	A	0.9697
T	1638	C	0.8405
T	1638	G	-1.8802
T	1638	A	-2.3399
T	1639	A	0.5245
T	1639	G	0.7339
T	1639	C	0.7571
T	1640	A	-3.3538
T	1640	C	0.4738
T	1640	G	-1.7653
G	1641	A	0.7528
G	1641	C	-0.6466
G	1642	C	-1.9158
G	1642	A	1.1096
C	1643	T	1.1265
C	1643	G	-2.2575
T	1644	A	0.4414
T	1644	G	0.1717
T	1644	C	1.1979
T	1645	A	0.6381
T	1645	G	-0.3932
T	1645	C	0.3871
T	1646	A	-0.0893
T	1646	C	-0.7028
T	1646	G	-1.9362
C	1647	G	-2.2743
C	1647	T	1.1412
A	1648	T	0.7435
A	1648	G	0.7407
A	1648	C	-1.7318
G	1649	C	-0.6862
G	1649	A	0.7281
C	1650	T	1.361
C	1650	G	-2.974
T	1651	G	-1.5517
T	1651	A	-0.0977
T	1651	C	1.13
A	1652	C	-0.9227
A	1652	G	0.8307
A	1652	T	0.4017
T	1653	G	-2.5234
T	1653	A	-2.3643
T	1653	C	0.8338
A	1654	G	0.5253
A	1654	T	1.084
A	1654	C	0.4728
T	1655	C	0.0461
T	1655	A	-1.5746
T	1655	G	3.1261
G	1656	C	-0.4694
G	1656	A	0.5859
G	1657	A	1.1357
G	1657	C	-2.8517
A	1658	G	0.3628
A	1658	T	-2.9465
A	1658	C	-3.967
T	1659	G	-1.4531
T	1659	A	-2.786
T	1659	C	0.9794
G	1660	C	-2.6264
G	1660	A	0.1107
A	1661	T	-3.0285
A	1661	G	0.0564
A	1661	C	-2.6574
T	1662	C	1.2705
T	1662	A	-1.6462
T	1662	G	-1.4396
G	1663	A	1.2634
G	1663	C	0.2324
T	1664	G	-2.1592
T	1664	C	-0.3206
T	1664	A	-2.824
G	1665	C	0.6094
G	1665	A	0.8539
G	1666	C	0.001
G	1666	A	1.1353
T	1667	C	0.3138
T	1667	G	-2.2617
T	1667	A	-2.7707
A	1668	G	1.2341
A	1668	T	0.7355
A	1668	C	0.4468
T	1669	C	0.8901
T	1669	A	-0.4073
T	1669	G	-0.3498
T	1670	G	-2.7235
T	1670	C	-0.0982
T	1670	A	-3.4336
G	1671	A	1.0231
G	1671	C	-0.9613
G	1672	C	-2.0903
G	1672	A	-0.0877
G	1673	A	-0.3253
G	1673	C	-0.442
G	1674	C	0.5303
G	1674	A	0.7803
G	1675	A	0.573
G	1675	C	-1.8618
C	1676	T	0.7632
C	1676	G	2.1033
C	1677	G	0.1647
C	1677	T	0.9517
A	1678	T	-2.4205
A	1678	C	0.1534
A	1678	G	0.4134
A	1679	T	0.3488
A	1679	G	1.0062
A	1679	C	1.1724
G	1680	A	1.035
G	1680	C	0.2982
T	1681	C	0.1999
T	1681	A	0.4342
T	1681	G	-0.5656
C	1682	T	-0.2145
C	1682	G	-0.3199
T	1683	C	0.8977
T	1683	G	0.4518
T	1683	A	0.5518
G	1684	C	0.097
G	1684	A	1.3191
T	1685	G	-0.7483
T	1685	C	0.5789
T	1685	A	0.4873
A	1686	T	0.2142
A	1686	C	0.4395
A	1686	G	0.5652
C	1687	T	0.7786
C	1687	G	0.2443
A	1688	T	-0.4146
A	1688	G	0.7503
A	1688	C	0.4633
G	1689	A	1.0776
G	1689	C	0.3833
C	1690	T	1.1816
C	1690	G	-3.5024
A	1691	G	-0.8148
A	1691	C	-1.8095
A	1691	T	-0.9826
T	1692	C	1.0056
T	1692	A	-1.1656
T	1692	G	-1.2266
C	1693	T	0.5527
C	1693	G	-2.0825
G	1694	C	-1.7716
G	1694	A	0.3696
T	1695	C	0.6816
T	1695	G	0.1943
T	1695	A	0.61
G	1696	C	-1.0235
G	1696	A	0.9362
A	1697	G	-0.5304
A	1697	C	-0.789
A	1697	T	-1.8344
G	1698	A	1.162
G	1698	C	-0.257
T	1699	G	0.5493
T	1699	A	0.2599
T	1699	C	0.5716
C	1700	T	-1.0914
C	1700	G	-0.2709
C	1701	G	0.3544
C	1701	T	0.3725
C	1702	T	-0.2974
C	1702	G	0.2801
T	1703	C	-0.7031
T	1703	A	-1.2109
T	1703	G	-1.1445
T	1704	A	0.5823
T	1704	C	1.122
T	1704	G	0.7218
T	1705	C	1.3482
T	1705	G	-0.9577
T	1705	A	0.2767
A	1706	T	0.3774
A	1706	G	1.1137
A	1706	C	-0.6841
T	1707	G	-3.6952
T	1707	C	1.1279
T	1707	A	-2.992
A	1708	C	-0.2297
A	1708	G	0.9107
A	1708	T	0.092
C	1709	G	0.0243
C	1709	T	1.1203
C	1710	T	1.4432
C	1710	G	-0.1315
G	1711	A	0.1909
G	1711	C	-2.0422
C	1712	T	0.0022
C	1712	G	0.5428
T	1713	A	0.1278
T	1713	C	0.286
G	1714	A	0.2635
G	1714	C	-1.4604
T	1715	A	0.5396
T	1715	C	-0.3376
T	1716	G	1.7875
T	1716	A	1.1246
T	1716	C	-0.1292
A	1717	T	1.8615
A	1717	G	2.0632
A	1717	C	-1.0454
C	1718	G	1.3876
C	1718	T	1.9141
C	1719	G	2.1246
C	1719	T	1.4184
A	1720	G	-0.3563
A	1720	C	0.2581
A	1720	T	-0.6773
A	1721	C	-0.3204
A	1721	T	-0.381
A	1721	G	0.1963
T	1722	A	-0.1613
T	1722	G	0.0968
T	1722	C	0.7962
T	1723	C	-0.0759
T	1723	G	-1.6821
T	1723	A	-1.9674
T	1724	C	-1.3126
T	1724	A	-1.4147
T	1724	G	-2.2122
T	1725	C	0.7782
T	1725	G	-0.9658
T	1725	A	-0.6959
C	1726	T	-0.1309
C	1726	G	-1.282
T	1727	G	-1.6827
T	1727	C	1.7134
T	1727	A	-1.6492
T	1728	C	1.2336
T	1728	A	0.5744
T	1728	G	0.5094
T	1729	C	0.9258
T	1729	G	-0.002
T	1729	A	0.0862
T	1730	C	1.3144
T	1730	A	-3.8224
T	1730	G	0.2832
G	1731	C	0.2631
G	1731	A	0.5588
T	1732	A	-0.1014
T	1732	G	0.0102
T	1732	C	-0.4732
C	1733	G	-0.0237
C	1733	T	0.4709
T	1734	C	1.1376
T	1734	A	0.8875
T	1734	G	1.0759
C	1735	T	1.9852
C	1735	G	-0.2629
T	1736	C	0.1764
T	1736	G	-1.1892
T	1736	A	0.042
G	1737	C	0.3617
G	1737	A	1.4539
G	1738	C	-1.809
G	1738	A	0.23
G	1739	A	1.0923
G	1739	C	-1.5859
T	1740	C	0.9288
T	1740	A	0.4628
T	1740	G	0.2634
A	1741	C	-0.1263
A	1741	T	1.0937
A	1741	G	2.2238
T	1742	C	0.535
T	1742	A	-1.3592
T	1742	G	-1.7742
A	1743	T	0.7322
A	1743	G	1.2627
A	1743	C	0.8544
C	1744	G	0.0313
C	1744	T	2.234
A	1745	C	-1.2204
A	1745	T	0.9642
A	1745	G	1.6929
T	1746	G	0.8392
T	1746	C	0.8172
T	1746	A	1.0155
T	1747	A	1.1091
T	1747	C	1.8344
T	1747	G	1.0422
T	1748	C	1.4742
T	1748	G	-1.9909
T	1748	A	-0.6393
A	1749	G	1.8893
A	1749	T	0.3757
A	1749	C	0.7261
A	1750	G	1.5715
A	1750	T	1.1278
A	1750	C	0.9033
A	1751	C	0.1493
A	1751	T	-1.8606
A	1751	G	1.2965
C	1752	G	-0.3651
C	1752	T	0.4961
C	1753	T	0.6718
C	1753	G	-0.0225
C	1754	T	0.2349
C	1754	G	-0.2671
T	1755	G	0.2636
T	1755	A	1.6055
T	1755	C	0.3846
A	1756	T	0.186
A	1756	C	1.1677
A	1756	G	2.3233
A	1757	T	1.7995
A	1757	G	2.8254
A	1757	C	0.6306
C	1758	T	1.7982
C	1758	G	0.0335
A	1759	T	-2.6145
A	1759	C	-3.5684
A	1759	G	-0.3464
A	1760	T	-2.5283
A	1760	C	-3.4028
A	1760	G	-0.4579
A	1761	G	1.1815
A	1761	T	-1.9434
A	1761	C	-2.3908
A	1762	G	0.8607
A	1762	C	-1.0775
A	1762	T	-0.0886
C	1763	G	-1.5671
C	1763	T	0.5874
A	1764	T	0.6596
A	1764	C	1.3491
A	1764	G	1.2901
A	1765	C	0.6119
A	1765	G	1.0534
A	1765	T	-2.3671
A	1766	C	0.6507
A	1766	G	0.9149
A	1766	T	0.2957
A	1767	T	0.4098
A	1767	C	0.2332
A	1767	G	1.6135
A	1768	C	0.5565
A	1768	T	-1.546
A	1768	G	1.5129
G	1769	C	-0.9908
G	1769	A	-0.0586
A	1770	C	-0.7889
A	1770	G	0.7002
A	1770	T	-0.6218
T	1771	C	0.2545
T	1771	A	-1.7681
T	1771	G	-1.5984
G	1772	C	-1.4199
G	1772	A	0.0503
G	1773	C	-1.199
G	1773	A	-0.3795
G	1774	A	0.3947
G	1774	C	-2.8805
G	1775	C	-1.9874
G	1775	A	-0.0604
T	1776	G	0.0496
T	1776	A	0.126
T	1776	C	1.2031
T	1777	C	0.9293
T	1777	A	-0.8688
T	1777	G	-2.7463
A	1778	T	0.2568
A	1778	G	1.4774
A	1778	C	-1.5672
T	1779	C	1.2285
T	1779	G	-2.5672
T	1779	A	-2.0832
T	1780	A	0.2096
T	1780	C	-0.6623
T	1780	G	-0.0878
C	1781	T	-0.3283
C	1781	G	-0.2066
C	1782	G	0.3219
C	1782	T	0.4305
C	1783	G	-0.3986
C	1783	T	0.3626
T	1784	A	-2.2676
T	1784	G	-3.0287
T	1784	C	-0.3916
A	1785	G	0.8246
A	1785	T	0.417
A	1785	C	0.1673
A	1786	C	0.3822
A	1786	G	0.758
A	1786	T	0.1196
A	1787	G	0.4518
A	1787	C	-0.3649
A	1787	T	-1.0382
C	1788	G	-0.5516
C	1788	T	0.5445
T	1789	C	0.7169
T	1789	G	-0.4141
T	1789	A	0.2612
T	1790	C	-0.2661
T	1790	G	-0.8443
T	1790	A	-1.3064
C	1791	T	1.2236
C	1791	G	-0.078
A	1792	T	0.4354
A	1792	C	0.8389
A	1792	G	0.0936
T	1793	A	-0.3394
T	1793	C	-0.4086
T	1793	G	0.2101
G	1794	C	-0.7807
G	1794	A	0.1208
G	1795	A	0.9262
G	1795	C	-1.7405
G	1796	A	0.4545
G	1796	C	-0.6112
C	1797	T	1.3297
C	1797	G	0.4196
T	1798	C	-0.4272
T	1798	A	-1.4215
T	1798	G	-1.6922
A	1799	C	-3.3669
A	1799	T	-0.4853
A	1799	G	1.0812
C	1800	G	-1.4319
C	1800	T	1.9686
A	1801	C	0.6572
A	1801	G	1.2847
A	1801	T	0.4633
T	1802	G	0.3577
T	1802	A	0.8875
T	1802	C	0.8025
A	1803	T	0.5788
A	1803	G	2.2578
A	1803	C	0.2442
A	1804	T	0.2637
A	1804	G	0.822
A	1804	C	-0.0771
T	1805	G	-2.0342
T	1805	A	-2.1668
T	1805	C	0.0838
T	1806	G	-0.4491
T	1806	C	1.3222
T	1806	A	0.5962
G	1807	C	0.173
G	1807	A	0.7453
G	1808	A	-0.0687
G	1808	C	-0.1188
A	1809	T	0.4776
A	1809	C	-0.0595
A	1809	G	0.5039
A	1810	C	-1.1101
A	1810	G	0.9864
A	1810	T	0.2439
G	1811	A	0.3532
G	1811	C	0.1095
T	1812	G	-1.3603
T	1812	C	0.6687
T	1812	A	-0.9325
T	1813	C	0.8718
T	1813	G	-0.1597
T	1813	A	-2.4909
G	1814	A	0.4418
G	1814	C	-0.3929
G	1815	C	0.6468
G	1815	A	0.7759
G	1816	A	0.1177
G	1816	C	-2.6143
G	1817	C	-1.7671
G	1817	A	0.3269
A	1818	T	0.5434
A	1818	G	2.985
A	1818	C	1.1052
A	1819	G	1.4216
A	1819	T	0.4282
A	1819	C	-3.1547
C	1820	G	0.443
C	1820	T	-0.0501
T	1821	A	0.4813
T	1821	C	0.8982
T	1821	G	0.5725
T	1822	A	0.0618
T	1822	G	-0.468
T	1822	C	1.0569
T	1823	A	-3.2208
T	1823	G	-0.5305
T	1823	C	0.9073
G	1824	C	0.521
G	1824	A	0.7061
C	1825	G	-1.9811
C	1825	T	1.0665
C	1826	T	-0.383
C	1826	G	-3.2347
A	1827	C	1.9997
A	1827	G	0.7472
A	1827	T	0.5961
C	1828	G	-0.507
C	1828	T	0.611
A	1829	T	-0.7519
A	1829	G	0.3757
A	1829	C	-0.5634
G	1830	A	0.6859
G	1830	C	-0.2173
G	1831	A	1.1347
G	1831	C	-0.5217
A	1832	C	0.1066
A	1832	G	0.3416
A	1832	T	0.1769
T	1833	G	0.3632
T	1833	A	0.5142
T	1833	C	0.7008
C	1834	G	0.2838
C	1834	T	1.4836
A	1835	T	0.9359
A	1835	C	0.2354
A	1835	G	1.4151
T	1836	A	0.0583
T	1836	G	0.0331
T	1836	C	0.7065
A	1837	G	1.1301
A	1837	C	-0.0154
A	1837	T	-0.0042
T	1838	C	0.9648
T	1838	G	-1.9033
T	1838	A	-0.8998
T	1839	G	0.1169
T	1839	A	0.6006
T	1839	C	1.5797
G	1840	A	1.5959
G	1840	C	0.7049
T	1841	G	-0.9162
T	1841	C	0.7403
T	1841	A	-0.2723
A	1842	G	0.7295
A	1842	C	-0.1324
A	1842	T	0.1568
C	1843	T	1.303
C	1843	G	0.1588
A	1844	T	0.0193
A	1844	G	1.1078
A	1844	C	-1.3245
A	1845	C	0.3142
A	1845	G	1.8989
A	1845	T	0.5084
A	1846	T	-1.3663
A	1846	G	1.0911
A	1846	C	0.2317
A	1847	T	0.5301
A	1847	C	0.6668
A	1847	G	2.9815
G	1848	A	1.3273
G	1848	C	0.2381
A	1849	T	-1.1414
A	1849	G	-0.026
A	1849	C	0.5074
T	1850	C	-0.3593
T	1850	G	-2.2713
T	1850	A	-1.9136
C	1851	G	-1.0149
C	1851	T	1.8827
A	1852	T	-1.7665
A	1852	G	1.9976
A	1852	C	2.5031
A	1853	G	1.8503
A	1853	T	-0.1573
A	1853	C	0.1944
A	1854	T	0.3242
A	1854	G	1.6133
A	1854	C	0.473
C	1855	G	0.7762
C	1855	T	1.1098
A	1856	C	-0.4262
A	1856	T	1.0596
A	1856	G	1.3469
C	1857	T	1.942
C	1857	G	0.3409
T	1858	G	-0.1532
T	1858	C	1.0121
T	1858	A	0.3753
G	1859	C	0.4748
G	1859	A	1.2169
T	1860	A	-2.6884
T	1860	C	0.6635
T	1860	G	0.0613
T	1861	G	-0.2431
T	1861	A	-0.263
T	1861	C	0.5406
T	1862	C	0.4454
T	1862	G	0.8207
T	1862	A	-2.1258
T	1863	G	-0.0311
T	1863	C	1.6965
T	1863	A	1.042
A	1864	T	-1.9695
A	1864	C	0.3192
A	1864	G	1.8196
G	1865	C	0.5011
G	1865	A	1.5315
A	1866	G	1.544
A	1866	T	0.7117
A	1866	C	0.1107
A	1867	T	-1.2904
A	1867	G	1.594
A	1867	C	0.3305
A	1868	G	0.807
A	1868	C	0.4544
A	1868	T	-0.0818
A	1869	G	0.4446
A	1869	C	0.5673
A	1869	T	0.3081
C	1870	T	0.1988
C	1870	G	0.3353
T	1871	A	-1.5087
T	1871	G	-1.9693
T	1871	C	-0.1079
T	1872	A	-0.0008
T	1872	C	1.0485
T	1872	G	0.5266
C	1873	T	1.1382
C	1873	G	-0.1587
C	1874	T	0.6658
C	1874	G	-0.3652
T	1875	G	0.2758
T	1875	A	0.9203
T	1875	C	1.2624
G	1876	A	1.2405
G	1876	C	0.3406
T	1877	G	-0.791
T	1877	A	-0.2762
T	1877	C	1.0249
T	1878	A	0.6405
T	1878	C	1.29
T	1878	G	0.4171
A	1879	G	2.0735
A	1879	T	0.2709
A	1879	C	-0.4018
A	1880	G	0.9824
A	1880	C	-0.6306
A	1880	T	-0.6278
C	1881	G	-0.1679
C	1881	T	1.4742
A	1882	C	1.0242
A	1882	G	-0.0988
A	1882	T	-0.3464
G	1883	A	0.8101
G	1883	C	0.2517
G	1884	A	1.2645
G	1884	C	1.0741
C	1885	G	0.4193
C	1885	T	1.7499
C	1886	T	0.3587
C	1886	G	-0.3677
T	1887	C	0.4269
T	1887	A	0.6896
T	1887	G	0.491
A	1888	T	-1.2646
A	1888	C	0.3756
A	1888	G	1.0989
T	1889	G	-2.0396
T	1889	C	0.1183
T	1889	A	-0.9
T	1890	C	1.372
T	1890	A	0.4469
T	1890	G	0.339
G	1891	C	-0.1676
G	1891	A	0.8981
A	1892	C	0.291
A	1892	G	0.7786
A	1892	T	-1.2665
T	1893	C	1.4639
T	1893	G	-0.4085
T	1893	A	0.1949
T	1894	C	0.7481
T	1894	A	-1.6516
T	1894	G	-0.3115
G	1895	A	0.7823
G	1895	C	-0.9629
G	1896	A	0.633
G	1896	C	0.2467
A	1897	G	0.8582
A	1897	T	-2.1242
A	1897	C	0.236
A	1898	T	-0.0473
A	1898	G	0.9815
A	1898	C	0.0262
A	1899	C	-0.0186
A	1899	T	-0.1587
A	1899	G	1.4066
G	1900	A	0.6867
G	1900	C	0.4115
T	1901	A	-0.6226
T	1901	C	0.9481
T	1901	G	-1.1877
A	1902	G	0.7804
A	1902	T	0.1772
A	1902	C	0.5337
T	1903	C	0.4939
T	1903	A	-0.7109
T	1903	G	-1.641
G	1904	A	1.4275
G	1904	C	-1.0267
T	1905	A	-2.0118
T	1905	G	-1.8015
T	1905	C	0.7249
C	1906	T	0.1721
C	1906	G	1.0524
A	1907	C	-2.2439
A	1907	G	1.7675
A	1907	T	0.0162
A	1908	C	-0.362
A	1908	T	0.2852
A	1908	G	1.1551
A	1909	G	0.8104
A	1909	C	0.6409
A	1909	T	-0.5177
G	1910	C	-0.2531
G	1910	A	0.9418
A	1911	T	-0.1267
A	1911	C	-0.31
A	1911	G	1.1245
A	1912	G	0.728
A	1912	T	0.2638
A	1912	C	0.3854
T	1913	A	-2.5282
T	1913	C	-0.5331
T	1913	G	-2.4577
T	1914	C	1.2698
T	1914	A	0.0839
T	1914	G	0.0636
G	1915	A	0.8819
G	1915	C	0.5253
T	1916	C	1.0582
T	1916	G	-0.5097
T	1916	A	-1.6178
G	1917	A	1.1589
G	1917	C	0.4613
G	1918	C	-3.4448
G	1918	A	0.6039
G	1919	C	-0.7702
G	1919	A	0.076
T	1920	C	0.4968
T	1920	A	-0.0505
T	1920	G	-0.1297
C	1921	T	0.3253
C	1921	G	-0.8112
T	1922	C	2.5263
T	1922	G	0.0279
T	1922	A	-0.2986
T	1923	A	0.655
T	1923	G	0.5856
T	1923	C	1.2321
T	1924	C	0.8018
T	1924	A	-0.2246
T	1924	G	-0.5773
T	1925	C	0.1039
T	1925	A	-3.9661
T	1925	G	-0.4008
G	1926	C	-0.3142
G	1926	A	0.4986
G	1927	A	0.7682
G	1927	C	-0.4707
G	1928	A	0.4427
G	1928	C	0.0989
C	1929	G	-0.1434
C	1929	T	1.3948
T	1930	C	1.0791
T	1930	A	-0.4216
T	1930	G	0.029
T	1931	A	-0.0292
T	1931	G	-0.8542
T	1931	C	0.4689
T	1932	C	1.0643
T	1932	G	-0.6125
T	1932	A	-0.9726
G	1933	C	-1.49
G	1933	A	0.6492
C	1934	T	1.0043
C	1934	G	-0.306
T	1935	C	1.1784
T	1935	G	0.2847
T	1935	A	0.5324
G	1936	A	0.4219
G	1936	C	-1.3942
C	1937	G	-1.5941
C	1937	T	0.592
T	1938	C	0.5771
T	1938	A	0.826
T	1938	G	0.1539
C	1939	T	0.4593
C	1939	G	-0.55
C	1940	G	-1.9299
C	1940	T	-0.2191
A	1941	T	0.8746
A	1941	C	1.1412
A	1941	G	1.2621
T	1942	A	-1.5731
T	1942	C	0.0089
T	1942	G	-2.7192
T	1943	C	1.4321
T	1943	G	-1.0755
T	1943	A	-0.2161
T	1944	C	0.8068
T	1944	A	-2.5268
T	1944	G	-2.2747
A	1945	T	-0.4748
A	1945	G	1.1581
A	1945	C	-3.1098
C	1946	G	-1.767
C	1946	T	0.7426
A	1947	C	1.1308
A	1947	T	0.9529
A	1947	G	1.3261
C	1948	G	-0.238
C	1948	T	0.8324
A	1949	C	0.1038
A	1949	G	1.0754
A	1949	T	0.0495
A	1950	T	-1.3636
A	1950	C	-1.716
A	1950	G	1.3775
T	1951	A	-0.3594
T	1951	C	0.7001
T	1951	G	0.0828
G	1952	A	1.1295
G	1952	C	-1.3522
T	1953	C	0.7234
T	1953	G	-1.3756
T	1953	A	-2.9793
G	1954	A	0.2871
G	1954	C	-1.3043
G	1955	C	-1.4367
G	1955	A	0.1757
A	1956	G	0.4057
A	1956	T	0.0663
A	1956	C	0.2268
T	1957	C	0.4948
T	1957	G	-0.9215
T	1957	A	-0.6743
A	1958	T	0.0956
A	1958	G	0.7302
A	1958	C	-0.6344
T	1959	C	1.3504
T	1959	G	-2.6009
T	1959	A	-1.943
C	1960	G	-0.7154
C	1960	T	0.8209
C	1961	T	0.0652
C	1961	G	-2.745
T	1962	C	1.0962
T	1962	A	0.7303
T	1962	G	1.1309
G	1963	C	-0.9376
G	1963	A	0.5601
C	1964	T	1.241
C	1964	G	-0.7113
C	1965	T	0.9839
C	1965	G	-0.0817
T	1966	G	-0.5068
T	1966	A	-0.0574
T	1966	C	0.9193
T	1967	A	-2.7728
T	1967	C	0.0278
T	1967	G	-3.8772
A	1968	C	-2.4242
A	1968	T	-2.4871
A	1968	G	1.7934
A	1969	G	0.898
A	1969	T	0.1061
A	1969	C	0.245
T	1970	C	0.9774
T	1970	G	-0.4502
T	1970	A	0.363
G	1971	C	0.0947
G	1971	A	1.1313
C	1972	T	1.0069
C	1972	G	-0.862
C	1973	G	-0.9064
C	1973	T	0.615
T	1974	A	0.9245
T	1974	G	1.1673
T	1974	C	0.7168
T	1975	A	0.1269
T	1975	C	0.9402
T	1975	G	0.4399
T	1976	A	-3.1804
T	1976	G	-1.0349
T	1976	C	1.6403
G	1977	A	1.7359
G	1977	C	-1.1433
T	1978	G	-1.4739
T	1978	C	0.738
T	1978	A	-0.3616
A	1979	T	0.5819
A	1979	C	-0.5161
A	1979	G	0.7745
T	1980	C	1.1023
T	1980	G	-0.8641
T	1980	A	-1.9773
G	1981	C	-0.4095
G	1981	A	1.5978
C	1982	G	0.845
C	1982	T	1.3982
A	1983	C	3.349
A	1983	T	1.6262
A	1983	G	2.0963
T	1984	C	1.3858
T	1984	G	-0.344
T	1984	A	0.3129
G	1985	C	0.3359
G	1985	A	1.0958
T	1986	A	-2.7057
T	1986	G	-0.6138
T	1986	C	0.7328
A	1987	G	1.5114
A	1987	T	0.5123
A	1987	C	-0.0974
T	1988	C	1.095
T	1988	A	-1.2736
T	1988	G	-1.2432
A	1989	C	0.4592
A	1989	G	0.85
A	1989	T	0.1208
C	1990	G	0.2192
C	1990	T	1.2465
A	1991	C	0.2738
A	1991	G	1.2002
A	1991	T	0.3066
A	1992	G	1.7947
A	1992	C	0.5243
A	1992	T	0.6732
G	1993	C	-0.8575
G	1993	A	1.7954
C	1994	T	0.8086
C	1994	G	-0.7391
T	1995	A	0.9093
T	1995	G	0.9079
T	1995	C	1.2506
A	1996	C	-0.0004
A	1996	T	-2.8759
A	1996	G	0.4581
A	1997	G	1.732
A	1997	C	-0.6062
A	1997	T	-1.9903
A	1998	G	1.1391
A	1998	C	-0.6585
A	1998	T	-0.3751
C	1999	T	1.0374
C	1999	G	0.1976
A	2000	T	0.308
A	2000	G	1.039
A	2000	C	-1.4224
G	2001	A	0.4898
G	2001	C	-0.0775
G	2002	C	-0.2142
G	2002	A	0.8459
C	2003	G	-0.0259
C	2003	T	0.9452
T	2004	C	0.8954
T	2004	A	0.3617
T	2004	G	0.5758
T	2005	C	0.4704
T	2005	G	-1.6496
T	2005	A	-0.9308
T	2006	C	-0.466
T	2006	A	-0.6033
T	2006	G	-1.4929
C	2007	G	-1.4913
C	2007	T	1.0422
A	2008	T	0.4321
A	2008	G	1.2013
A	2008	C	-1.0719
C	2009	T	0.7095
C	2009	G	-0.0322
T	2010	A	0.4002
T	2010	G	0.5561
T	2010	C	0.8574
T	2011	A	-0.6403
T	2011	G	-0.8689
T	2011	C	0.3232
T	2012	G	-0.7316
T	2012	A	-1.6312
T	2012	C	0.5053
C	2013	G	-0.6542
C	2013	T	0.6623
T	2014	C	0.2126
T	2014	G	-0.345
T	2014	A	-0.317
C	2015	G	-2.0201
C	2015	T	0.1765
G	2016	C	1.5477
G	2016	A	0.5569
C	2017	G	0.4471
C	2017	T	1.2467
C	2018	G	0.0585
C	2018	T	1.203
A	2019	C	0.542
A	2019	T	1.0298
A	2019	G	1.7219
A	2020	T	-0.2489
A	2020	G	0.5281
A	2020	C	-0.6167
C	2021	G	-1.0346
C	2021	T	0.8799
T	2022	C	1.2755
T	2022	G	0.2305
T	2022	A	0.4592
T	2023	C	-0.1061
T	2023	A	-2.1853
T	2023	G	-2.6042
A	2024	T	-0.058
A	2024	G	-0.1778
A	2024	C	-2.8359
C	2025	T	1.9624
C	2025	G	-1.1943
A	2026	T	-1.3848
A	2026	C	-0.0026
A	2026	G	0.7865
A	2027	T	0.4531
A	2027	C	0.2441
A	2027	G	0.4495
G	2028	A	1.1829
G	2028	C	-1.0641
G	2029	C	-2.7551
G	2029	A	1.414
C	2030	T	1.3466
C	2030	G	-0.4478
C	2031	G	0.2934
C	2031	T	1.0805
T	2032	C	-0.022
T	2032	G	-1.3089
T	2032	A	-1.1468
T	2033	G	-2.109
T	2033	C	-0.1596
T	2033	A	-1.6419
T	2034	G	-1.8767
T	2034	A	-1.8745
T	2034	C	1.0482
C	2035	G	-1.5357
C	2035	T	0.6047
T	2036	C	-0.1542
T	2036	A	-1.2188
T	2036	G	-1.7362
A	2037	C	0.2716
A	2037	G	1.0815
A	2037	T	-0.0167
A	2038	G	0.7818
A	2038	T	0.1865
A	2038	C	0.2965
G	2039	A	1.3652
G	2039	C	0.7138
T	2040	G	-0.0857
T	2040	C	0.9838
T	2040	A	1.0766
A	2041	C	0.4715
A	2041	T	-2.8052
A	2041	G	1.4355
A	2042	G	0.7878
A	2042	C	0.3517
A	2042	T	-0.1321
A	2043	G	0.916
A	2043	C	0.5096
A	2043	T	1.1048
C	2044	G	-0.5162
C	2044	T	0.8374
A	2045	T	0.6842
A	2045	G	0.3396
A	2045	C	-1.6158
G	2046	A	1.185
G	2046	C	-0.0527
T	2047	C	0.3846
T	2047	G	-2.5413
T	2047	A	-1.4114
A	2048	G	0.7391
A	2048	C	-1.1873
A	2048	T	0.045
C	2049	T	1.8994
C	2049	G	-2.3128
A	2050	C	1.9295
A	2050	G	0.509
A	2050	T	0.6931
T	2051	A	0.3793
T	2051	C	1.2113
T	2051	G	0.3826
G	2052	A	1.7228
G	2052	C	1.7574
A	2053	G	1.6785
A	2053	T	0.487
A	2053	C	0.3864
A	2054	T	0.3864
A	2054	G	1.3814
A	2054	C	0.0463
C	2055	G	0.3609
C	2055	T	0.6204
C	2056	G	-1.1142
C	2056	T	0.5542
T	2057	C	0.5816
T	2057	G	-0.4354
T	2057	A	-0.3416
T	2058	G	1.1812
T	2058	A	1.1619
T	2058	C	1.3146
T	2059	G	-0.6342
T	2059	A	-0.1492
T	2059	C	1.336
A	2060	T	0.556
A	2060	G	1.018
A	2060	C	-0.3273
C	2061	G	-2.8053
C	2061	T	0.6873
C	2062	G	-0.0544
C	2062	T	0.3674
C	2063	T	0.957
C	2063	G	-1.205
C	2064	G	-1.285
C	2064	T	1.7398
G	2065	C	0.9516
G	2065	A	1.0779
T	2066	A	-1.7262
T	2066	G	-2.0573
T	2066	C	0.7856
T	2067	G	0.9341
T	2067	A	0.2015
T	2067	C	1.4051
G	2068	C	0.9249
G	2068	A	1.4513
C	2069	G	-0.2254
C	2069	T	1.8121
T	2070	C	0.1807
T	2070	G	1.8621
T	2070	A	2.5402
C	2071	T	0.7138
C	2071	G	-0.4582
G	2072	C	0.6793
G	2072	A	0.8123
G	2073	A	1.0726
G	2073	C	1.7118
C	2074	T	0.9942
C	2074	G	0.2191
A	2075	C	-1.3435
A	2075	G	1.6542
A	2075	T	0.004
A	2076	T	-0.8549
A	2076	C	-0.611
A	2076	G	1.8768
C	2077	T	-0.2115
C	2077	G	-1.37
G	2078	A	0.1746
G	2078	C	-2.9304
G	2079	A	-0.0039
G	2079	C	-0.123
C	2080	T	0.0415
C	2080	G	-0.2421
C	2081	G	-0.0976
C	2081	T	-1.453
T	2082	G	0.3915
T	2082	C	0.2221
T	2082	A	-0.0727
G	2083	A	0.3372
G	2083	C	-1.2296
G	2084	A	-0.2257
G	2084	C	-0.0992
T	2085	A	0.1506
T	2085	G	0.3134
T	2085	C	0.3812
C	2086	G	-0.0815
C	2086	T	0.5634
T	2087	G	0.4644
T	2087	C	-0.3577
T	2087	A	0.2156
G	2088	C	-0.3051
G	2088	A	0.8568
T	2089	G	-3.0458
T	2089	A	-2.9399
T	2089	C	-1.9316
G	2090	C	-2.6706
G	2090	A	-0.8003
C	2091	T	0.3334
C	2091	G	-4.0666
C	2092	T	-2.5562
C	2092	G	-0.2156
A	2093	T	-1.6988
A	2093	G	0.1379
A	2093	C	-3.3425
A	2094	C	-0.5088
A	2094	T	0.1381
A	2094	G	0.6391
G	2095	C	-2.8778
G	2095	A	-1.3028
T	2096	G	-3.5766
T	2096	C	-0.3908
T	2096	A	-2.5891
G	2097	A	0.6201
G	2097	C	-0.5304
T	2098	C	-0.4464
T	2098	G	0.32
T	2098	A	-1.4922
T	2099	G	-2.2625
T	2099	C	-0.8577
T	2099	A	-0.0355
T	2100	C	0.3608
T	2100	G	-2.7532
T	2100	A	-2.3437
G	2101	A	0.0267
G	2101	C	-3.9549
C	2102	G	-2.2554
C	2102	T	0.1023
T	2103	C	0.2617
T	2103	G	0.2674
T	2103	A	0.3617
G	2104	C	-1.6681
G	2104	A	-0.2031
A	2105	G	-0.9933
A	2105	C	-2.9231
A	2105	T	-2.3597
C	2106	T	0.7067
C	2106	G	-2.4396
G	2107	C	-3.7006
G	2107	A	-0.9138
C	2108	G	-0.8597
C	2108	T	-0.5829
A	2109	G	0.266
A	2109	C	-0.1252
A	2109	T	0.0497
A	2110	G	-0.609
A	2110	T	-0.8583
A	2110	C	-2.6091
C	2111	G	-1.6782
C	2111	T	-0.5555
C	2112	G	-0.5488
C	2112	T	0.1953
C	2113	T	-0.2553
C	2113	G	-0.8955
C	2114	G	-1.2011
C	2114	T	-1.457
C	2115	G	-0.9197
C	2115	T	0.0386
A	2116	T	-0.9176
A	2116	C	-3.2027
A	2116	G	0.2799
C	2117	G	-0.7041
C	2117	T	-0.4433
T	2118	G	0.4837
T	2118	A	-0.0706
T	2118	C	-0.485
G	2119	C	-0.5898
G	2119	A	0.2926
G	2120	A	-0.107
G	2120	C	0.7115
C	2121	T	0.9191
C	2121	G	-0.1991
T	2122	G	-2.1419
T	2122	C	-0.8371
T	2122	A	-2.5103
G	2123	C	-3.4759
G	2123	A	-0.6967
G	2124	A	-1.4987
G	2124	C	-3.3083
G	2125	C	-0.8116
G	2125	A	-0.3238
G	2126	C	-1.5294
G	2126	A	-0.5843
C	2127	G	-0.3669
C	2127	T	0.1896
T	2128	A	-0.3943
T	2128	G	-0.1217
T	2128	C	0.1146
T	2129	A	-3.7291
T	2129	G	-0.5066
T	2129	C	-0.9104
G	2130	C	0.1117
G	2130	A	0.0298
G	2131	A	0.3424
G	2131	C	-3.2404
C	2132	T	0.2955
C	2132	G	-1.3379
C	2133	T	0.2973
C	2133	G	0.5113
A	2134	C	0.4399
A	2134	T	0.1083
A	2134	G	0.8404
T	2135	A	-0.902
T	2135	C	0.2651
T	2135	G	-2.2459
A	2136	G	0.1741
A	2136	T	0.3928
A	2136	C	1.9038
G	2137	A	0.0963
G	2137	C	1.5258
G	2138	C	-0.4814
G	2138	A	0.1998
C	2139	G	-0.3119
C	2139	T	0.4229
C	2140	T	0.0514
C	2140	G	0.0211
A	2141	G	0.23
A	2141	C	0.9371
A	2141	T	-0.0559
T	2142	G	0.5666
T	2142	C	-0.2598
T	2142	A	0.5829
C	2143	G	0.4396
C	2143	T	-0.3065
A	2144	G	0.5763
A	2144	C	-1.8252
A	2144	T	0.0954
G	2145	C	-0.4712
G	2145	A	0.249
C	2146	T	0.1423
C	2146	G	-1.3639
G	2147	A	0.1743
G	2147	C	-0.9119
C	2148	G	-0.1037
C	2148	T	0.5671
A	2149	G	0.6947
A	2149	T	0.3133
A	2149	C	0.4158
T	2150	A	-0.325
T	2150	C	0.1495
T	2150	G	0.0088
G	2151	A	0.4971
G	2151	C	-0.0082
C	2152	G	-0.0004
C	2152	T	0.3471
G	2153	C	-3.0398
G	2153	A	0.3205
T	2154	A	0.2395
T	2154	C	0.3508
T	2154	G	0.1284
G	2155	A	-0.8521
G	2155	C	-2.3244
G	2156	A	-1.3301
G	2156	C	-2.5904
A	2157	C	0.1507
A	2157	T	-0.0135
A	2157	G	0.4022
A	2158	G	0.5369
A	2158	C	-0.6957
A	2158	T	-0.1575
C	2159	G	0.3037
C	2159	T	-0.4522
C	2160	G	-0.0016
C	2160	T	0.0796
T	2161	G	-1.7335
T	2161	C	-1.0901
T	2161	A	-1.9332
T	2162	G	-3.1562
T	2162	A	-0.5663
T	2162	C	-1.4772
T	2163	G	-2.2028
T	2163	A	-2.4225
T	2163	C	0.2145
G	2164	C	0.169
G	2164	A	0.086
T	2165	C	0.3382
T	2165	G	0.3754
T	2165	A	0.3763
G	2166	A	0.4883
G	2166	C	0.1054
G	2167	C	-0.7418
G	2167	A	0.523
C	2168	T	0.4163
C	2168	G	-0.1346
T	2169	G	-0.0006
T	2169	C	0.3518
T	2169	A	-0.1475
C	2170	T	-0.0023
C	2170	G	-0.876
C	2171	G	-0.664
C	2171	T	-1.2125
T	2172	G	0.4761
T	2172	A	0.4312
T	2172	C	0.0517
C	2173	G	-0.2841
C	2173	T	-0.0942
T	2174	G	-1.3368
T	2174	A	0.2632
T	2174	C	-1.0089
G	2175	C	-0.0431
G	2175	A	0.2336
C	2176	G	-0.4459
C	2176	T	-0.1069
C	2177	G	-0.9024
C	2177	T	-0.8114
G	2178	C	-0.0068
G	2178	A	0.3877
A	2179	T	-3.4173
A	2179	C	-1.0432
A	2179	G	0.2107
T	2180	G	-0.6419
T	2180	C	0.0233
T	2180	A	-0.5879
C	2181	T	0.3125
C	2181	G	-1.5413
C	2182	G	-0.324
C	2182	T	-0.2151
A	2183	T	-0.8902
A	2183	C	0.0628
A	2183	G	-0.1007
T	2184	G	0.0535
T	2184	A	-0.318
T	2184	C	0.1471
A	2185	T	-0.1597
A	2185	C	-3.3734
A	2185	G	-0.2383
C	2186	T	0.4855
C	2186	G	-0.5008
T	2187	A	-0.0015
T	2187	C	0.5233
T	2187	G	0.2067
G	2188	A	-0.8054
G	2188	C	-2.7107
C	2189	T	-0.3651
C	2189	G	-0.6067
G	2190	A	0.4064
G	2190	C	-0.1427
G	2191	C	-3.3484
G	2191	A	-1.8918
A	2192	G	-1.4372
A	2192	C	-2.9012
A	2192	T	-3.1178
A	2193	T	-2.5735
A	2193	C	-2.3783
A	2193	G	0.2178
C	2194	G	-0.6617
C	2194	T	-1.7422
T	2195	G	-2.5615
T	2195	A	-2.6891
T	2195	C	-1.2334
C	2196	G	0.4401
C	2196	T	0.3839
C	2197	G	-0.6743
C	2197	T	-0.027
T	2198	G	-3.5868
T	2198	A	-4.0635
T	2198	C	-1.7465
A	2199	C	-0.2244
A	2199	T	-0.1839
A	2199	G	0.3919
G	2200	A	-1.0597
G	2200	C	-4.243
C	2201	G	-1.9459
C	2201	T	-0.6372
C	2202	T	0.1539
C	2202	G	0.0654
G	2203	A	-0.0508
G	2203	C	-3.0938
C	2204	T	0.3459
C	2204	G	-3.3017
T	2205	C	0.1166
T	2205	A	0.1087
T	2205	G	0.3184
T	2206	G	-2.3183
T	2206	C	-1.0853
T	2206	A	-2.4646
G	2207	A	-1.391
G	2207	C	-2.8796
T	2208	G	-3.2046
T	2208	C	0.7467
T	2208	A	-4.1784
T	2209	A	-0.7594
T	2209	G	-1.9821
T	2209	C	-0.6552
T	2210	A	-0.6418
T	2210	G	-3.7429
T	2210	C	-2.7281
T	2211	G	-1.8874
T	2211	A	-1.4817
T	2211	C	-0.2341
G	2212	C	-3.9215
G	2212	A	-1.1004
C	2213	T	-0.6866
C	2213	G	-2.6955
T	2214	C	-0.2977
T	2214	G	-0.7782
T	2214	A	-0.6837
C	2215	G	-1.921
C	2215	T	0.1507
G	2216	C	-3.3667
G	2216	A	-0.121
C	2217	T	-0.245
C	2217	G	-1.3156
A	2218	C	-1.2231
A	2218	T	-0.8567
A	2218	G	-0.249
G	2219	A	-0.5888
G	2219	C	-0.9315
C	2220	G	-1.6644
C	2220	T	-0.3319
C	2221	T	0.497
C	2221	G	-1.984
G	2222	A	0.323
G	2222	C	-2.9949
G	2223	A	0.0526
G	2223	C	-0.0846
T	2224	G	-1.6263
T	2224	C	-1.2236
T	2224	A	-0.226
C	2225	G	-1.8735
C	2225	T	-0.2835
T	2226	A	-0.8271
T	2226	C	-0.6183
T	2226	G	-0.4256
G	2227	C	-1.4218
G	2227	A	-0.3298
G	2228	C	-1.2749
G	2228	A	-0.8576
A	2229	C	-0.9762
A	2229	G	0.2196
A	2229	T	-0.124
G	2230	C	-4.336
G	2230	A	-0.1704
C	2231	T	0.1695
C	2231	G	-1.8011
A	2232	T	-0.3181
A	2232	C	-0.2617
A	2232	G	0.5145
A	2233	C	-0.1023
A	2233	T	-3.1675
A	2233	G	0.2736
A	2234	C	-0.1332
A	2234	G	0.4576
A	2234	T	-0.4215
G	2235	C	0.2412
G	2235	A	0.6804
C	2236	G	0.6047
C	2236	T	-0.0812
T	2237	C	-1.9295
T	2237	G	-1.6202
T	2237	A	-0.9709
C	2238	G	0.1699
C	2238	T	0.3177
A	2239	G	0.5047
A	2239	T	-2.6231
A	2239	C	0.0192
T	2240	C	-1.8623
T	2240	A	-2.6004
T	2240	G	-2.7465
C	2241	G	-1.6651
C	2241	T	0.5558
G	2242	C	-2.2575
G	2242	A	0.02
G	2243	A	-0.8656
G	2243	C	-0.207
A	2244	C	0.1297
A	2244	T	0.1667
A	2244	G	0.4467
A	2245	G	-1.2768
A	2245	T	-0.6964
A	2245	C	-4.4579
C	2246	G	-0.6257
C	2246	T	0.0902
T	2247	G	0.0578
T	2247	C	0.6994
T	2247	A	0.1744
G	2248	A	-0.5718
G	2248	C	-2.2056
A	2249	G	-1.8028
A	2249	C	-2.8823
A	2249	T	-3.37
C	2250	T	0.6818
C	2250	G	-2.8772
A	2251	C	-1.7957
A	2251	G	-0.4732
A	2251	T	-2.3677
A	2252	T	-3.0457
A	2252	C	-2.3423
A	2252	G	0.4395
T	2253	C	0.3868
T	2253	A	-2.6248
T	2253	G	-2.7682
T	2254	G	0.472
T	2254	C	0.5231
T	2254	A	0.0606
C	2255	T	0.3562
C	2255	G	-0.095
T	2256	A	0.1242
T	2256	C	0.5018
T	2256	G	0.2001
G	2257	A	0.4216
G	2257	C	-0.0479
T	2258	A	-2.0041
T	2258	G	-0.8121
T	2258	C	0.3482
C	2259	G	-0.0179
C	2259	T	0.3571
G	2260	A	0.379
G	2260	C	-0.0247
T	2261	C	-0.7792
T	2261	G	-3.2347
T	2261	A	-2.395
C	2262	G	0.2115
C	2262	T	0.9023
C	2263	G	-0.3329
C	2263	T	0.14
T	2264	C	-1.3236
T	2264	A	0.3764
T	2264	G	-0.0191
C	2265	G	-0.0568
C	2265	T	0.4071
T	2266	C	-1.2721
T	2266	G	0.1055
T	2266	A	-0.3363
C	2267	G	-1.2376
C	2267	T	-0.1874
G	2268	C	0.2293
G	2268	A	0.2594
C	2269	T	0.3376
C	2269	G	-0.0132
G	2270	A	0.1564
G	2270	C	-2.1272
G	2271	A	0.5124
G	2271	C	0.1153
A	2272	G	-0.2716
A	2272	C	-0.1201
A	2272	T	-4.17
A	2273	C	0.0504
A	2273	T	-0.9326
A	2273	G	-0.019
A	2274	G	0.3035
A	2274	T	-0.0276
A	2274	C	0.3547
T	2275	G	-2.0883
T	2275	C	0.4024
T	2275	A	-1.5443
A	2276	C	-1.7708
A	2276	G	0.0772
A	2276	T	0.4946
T	2277	C	0.2976
T	2277	G	-3.0752
T	2277	A	-3.4297
A	2278	G	0.0318
A	2278	T	-0.2448
A	2278	C	-1.4037
C	2279	G	-1.5363
C	2279	T	0.3471
A	2280	T	0.5379
A	2280	C	0.5398
A	2280	G	0.7506
T	2281	C	-0.3154
T	2281	G	0.4187
T	2281	A	-0.2715
C	2282	G	-0.7467
C	2282	T	0.1641
G	2283	A	0.4295
G	2283	C	0.4337
T	2284	C	0.1026
T	2284	G	0.4178
T	2284	A	-0.2942
T	2285	A	-0.0462
T	2285	G	-0.6744
T	2285	C	-1.0292
T	2286	A	-0.5926
T	2286	G	-0.6152
T	2286	C	0.7638
C	2287	T	-1.2802
C	2287	G	-2.2019
C	2288	G	-3.9251
C	2288	T	-0.7086
A	2289	T	0.375
A	2289	C	0.649
A	2289	G	0.4451
T	2290	C	-2.1704
T	2290	A	-3.1841
T	2290	G	-2.5019
G	2291	C	-2.8649
G	2291	A	-1.0498
G	2292	A	-0.918
G	2292	C	-2.2561
C	2293	T	0.5676
C	2293	G	-2.1337
T	2294	A	-2.9415
T	2294	G	-2.3998
T	2294	C	-1.3103
G	2295	C	-0.2519
G	2295	A	0.3301
C	2296	T	0.5393
C	2296	G	-1.9862
T	2297	C	-1.8546
T	2297	G	-3.8112
T	2297	A	-3.5395
A	2298	G	0.2188
A	2298	C	-0.1354
A	2298	T	-0.018
G	2299	A	-0.089
G	2299	C	-1.6952
G	2300	C	0.2566
G	2300	A	-1.0805
C	2301	T	0.3415
C	2301	G	0.0902
T	2302	C	-1.36
T	2302	A	-2.478
T	2302	G	-2.7624
G	2303	C	-2.9263
G	2303	A	-0.5739
T	2304	G	-3.4074
T	2304	C	0.3124
T	2304	A	-3.3054
A	2305	C	-3.9327
A	2305	T	0.0576
A	2305	G	0.528
C	2306	G	-0.5668
C	2306	T	0.2051
T	2307	G	0.2072
T	2307	A	-0.1314
T	2307	C	0.7462
G	2308	A	-0.7551
G	2308	C	-3.2266
C	2309	T	-0.1552
C	2309	G	-2.6508
C	2310	T	0.4064
C	2310	G	0.3345
A	2311	G	-0.767
A	2311	C	-1.0683
A	2311	T	-2.0596
A	2312	T	-3.0723
A	2312	C	-0.9847
A	2312	G	-0.7868
C	2313	G	-3.5681
C	2313	T	0.3912
T	2314	C	-0.8524
T	2314	G	-1.2719
T	2314	A	-2.2689
G	2315	C	-0.9514
G	2315	A	-1.2105
G	2316	A	-1.4323
G	2316	C	-1.8457
A	2317	G	-0.3272
A	2317	C	-0.4089
A	2317	T	-1.3505
T	2318	G	-3.7634
T	2318	C	-2.0984
T	2318	A	-3.5308
C	2319	T	0.3731
C	2319	G	-0.2601
C	2320	T	-1.7607
C	2320	G	-3.4538
T	2321	C	-1.4566
T	2321	A	-2.4953
T	2321	G	-2.8049
T	2322	A	0.2898
T	2322	C	0.2949
T	2322	G	0.3124
C	2323	T	-0.487
C	2323	G	-2.8398
G	2324	A	-0.3488
G	2324	C	-2.2412
C	2325	G	-0.0362
C	2325	T	0.4338
G	2326	A	-0.354
G	2326	C	-1.0448
G	2327	C	-0.7539
G	2327	A	0.3756
G	2328	C	0.4858
G	2328	A	0.6883
A	2329	G	0.1856
A	2329	T	-0.4417
A	2329	C	-4.8819
C	2330	T	-0.7945
C	2330	G	-3.7374
G	2331	C	0.1057
G	2331	A	0.5144
T	2332	G	-0.1037
T	2332	C	-1.5974
T	2332	A	0.1877
C	2333	G	-0.3476
C	2333	T	0.0227
C	2334	T	0.9327
C	2334	G	0.7721
T	2335	G	-0.3603
T	2335	C	-0.2634
T	2335	A	-0.3902
T	2336	C	-0.0738
T	2336	G	-1.3202
T	2336	A	-1.0831
T	2337	A	-0.7686
T	2337	C	1.1588
T	2337	G	-0.6364
G	2338	C	0.2911
G	2338	A	0.8989
T	2339	G	-1.8638
T	2339	C	0.2011
T	2339	A	-2.0747
T	2340	G	0.4002
T	2340	C	0.9692
T	2340	A	-0.4225
T	2341	A	0.1975
T	2341	C	0.3362
T	2341	G	-1.4994
A	2342	C	-0.5824
A	2342	G	0.3113
A	2342	T	-0.7125
C	2343	T	0.4412
C	2343	G	-2.2892
G	2344	C	-0.9914
G	2344	A	0.1345
T	2345	G	-2.5679
T	2345	A	-2.6867
T	2345	C	0.1037
C	2346	T	0.4608
C	2346	G	0.1291
C	2347	G	-0.5684
C	2347	T	0.1322
C	2348	G	-0.1699
C	2348	T	0.032
G	2349	A	0.2186
G	2349	C	0.1334
T	2350	A	0.1599
T	2350	G	-0.122
T	2350	C	-1.5346
C	2351	T	-0.1532
C	2351	G	-1.0255
G	2352	A	0.2687
G	2352	C	0.5575
G	2353	C	-0.1191
G	2353	A	0.2415
C	2354	T	0.0702
C	2354	G	-0.0743
G	2355	A	0.221
G	2355	C	-0.0471
C	2356	G	-0.4834
C	2356	T	-0.1477
T	2357	G	0.0803
T	2357	C	-0.8394
T	2357	A	-0.0844
G	2358	A	0.3901
G	2358	C	0.0267
A	2359	G	-0.4018
A	2359	T	-2.3292
A	2359	C	-0.7512
A	2360	T	-1.5598
A	2360	C	-1.8629
A	2360	G	-0.3667
T	2361	A	-2.7525
T	2361	C	0.3222
T	2361	G	-2.3947
C	2362	G	-0.5169
C	2362	T	-0.3767
C	2363	T	-0.1804
C	2363	G	-1.3793
C	2364	G	0.3102
C	2364	T	0.4654
G	2365	C	-2.0648
G	2365	A	-0.5428
C	2366	G	-0.6683
C	2366	T	-0.2619
G	2367	C	0.246
G	2367	A	0.2264
G	2368	C	-1.5112
G	2368	A	0.0761
A	2369	T	-2.8492
A	2369	G	-1.2979
A	2369	C	-3.3868
C	2370	G	-1.251
C	2370	T	0.3689
G	2371	A	0.0972
G	2371	C	-0.2603
A	2372	C	0.0164
A	2372	G	-0.1679
A	2372	T	-0.4156
C	2373	G	0.0951
C	2373	T	0.2337
C	2374	T	0.0414
C	2374	G	0.1704
C	2375	T	0.2052
C	2375	G	-2.09
C	2376	G	0.4478
C	2376	T	-0.033
T	2377	G	0.1208
T	2377	C	-1.1874
T	2377	A	-0.0909
C	2378	G	-0.9837
C	2378	T	-0.4833
T	2379	A	0.3016
T	2379	G	0.0035
T	2379	C	0.4507
C	2380	T	-0.3602
C	2380	G	-2.1223
G	2381	C	-1.6785
G	2381	A	-0.1353
G	2382	A	0.2384
G	2382	C	-2.8606
G	2383	A	0.5363
G	2383	C	-0.2933
G	2384	A	0.2688
G	2384	C	0.1712
C	2385	G	1.063
C	2385	T	0.4419
C	2386	G	0.3322
C	2386	T	0.249
G	2387	C	-0.7213
G	2387	A	0.2292
C	2388	T	0.3082
C	2388	G	0.234
T	2389	C	0.5586
T	2389	A	0.1346
T	2389	G	-0.1072
T	2390	G	-0.474
T	2390	C	-0.0716
T	2390	A	-3.2947
G	2391	A	0.3352
G	2391	C	-0.081
G	2392	A	0.1911
G	2392	C	-0.0944
G	2393	A	0.0462
G	2393	C	-0.186
A	2394	G	0.7516
A	2394	T	-0.056
A	2394	C	0.0083
C	2395	T	0.2287
C	2395	G	0.14
T	2396	A	0.1061
T	2396	G	-0.9768
T	2396	C	0.2767
C	2397	G	-0.3891
C	2397	T	0.346
T	2398	A	0.5166
T	2398	G	0.0177
T	2398	C	0.4159
C	2399	G	-0.1614
C	2399	T	0.614
T	2400	G	0.4794
T	2400	A	0.4775
T	2400	C	0.4552
C	2401	T	0.0913
C	2401	G	-0.2301
G	2402	C	-0.4505
G	2402	A	0.0966
T	2403	G	-0.0536
T	2403	A	0.0252
T	2403	C	0.5291
C	2404	T	0.3548
C	2404	G	-0.1744
C	2405	T	-0.2259
C	2405	G	0.0413
C	2406	G	-0.0844
C	2406	T	0.2706
C	2407	G	0.0529
C	2407	T	0.4143
T	2408	G	-0.0595
T	2408	A	0.0692
T	2408	C	0.1398
T	2409	C	0.1264
T	2409	A	0.176
T	2409	G	0.2699
C	2410	G	-0.0723
C	2410	T	0.2856
T	2411	G	0.1543
T	2411	A	-0.5053
T	2411	C	0.1846
C	2412	T	0.5427
C	2412	G	0.1648
C	2413	T	0.304
C	2413	G	0.032
G	2414	C	0.111
G	2414	A	0.2523
T	2415	A	0.4545
T	2415	G	0.029
T	2415	C	0.4359
C	2416	T	0.3976
C	2416	G	0.1552
T	2417	A	-0.2768
T	2417	C	-0.6235
T	2417	G	-0.3143
G	2418	C	0.6587
G	2418	A	0.1542
C	2419	T	0.2948
C	2419	G	-0.0934
C	2420	T	0.2767
C	2420	G	-0.2616
G	2421	A	0.3356
G	2421	C	0.1679
T	2422	G	-1.0242
T	2422	C	-1.0854
T	2422	A	-1.6193
T	2423	A	0.1321
T	2423	C	-0.8006
T	2423	G	-1.2932
C	2424	G	-2.2644
C	2424	T	0.2705
C	2425	T	-0.9326
C	2425	G	0.2516
A	2426	T	0.1426
A	2426	G	0.3786
A	2426	C	-1.9813
G	2427	A	0.3761
G	2427	C	0.3003
C	2428	T	-0.8232
C	2428	G	-1.2219
C	2429	G	-2.8475
C	2429	T	-0.8371
G	2430	A	0.1186
G	2430	C	0.0483
A	2431	C	-0.1643
A	2431	G	-0.1774
A	2431	T	0.356
C	2432	G	0.331
C	2432	T	0.053
C	2433	G	0.662
C	2433	T	0.5084
A	2434	C	-1.4612
A	2434	G	0.026
A	2434	T	-0.0519
C	2435	G	-0.7545
C	2435	T	-0.2733
G	2436	C	0.3902
G	2436	A	0.1956
G	2437	A	-0.9868
G	2437	C	-1.9109
G	2438	C	-2.008
G	2438	A	-1.3415
G	2439	C	-0.0731
G	2439	A	0.2625
C	2440	T	-0.2007
C	2440	G	-1.0255
G	2441	A	0.1383
G	2441	C	-0.8721
C	2442	T	0.4487
C	2442	G	0.6029
A	2443	G	-0.4343
A	2443	C	-3.0477
A	2443	T	-1.1236
C	2444	G	-0.7776
C	2444	T	0.6424
C	2445	G	0.2566
C	2445	T	0.1381
T	2446	A	-0.5438
T	2446	C	-1.3734
T	2446	G	-0.3792
C	2447	G	-0.6398
C	2447	T	-1.1863
T	2448	A	0.1168
T	2448	C	-0.039
T	2448	G	0.301
C	2449	T	-0.7466
C	2449	G	-0.5233
T	2450	C	-1.6571
T	2450	A	-2.6344
T	2450	G	-2.5849
T	2451	G	0.0374
T	2451	C	0.2122
T	2451	A	0.3033
T	2452	G	-1.1232
T	2452	A	-0.8952
T	2452	C	0.0451
A	2453	T	-0.0948
A	2453	G	0.2515
A	2453	C	-0.8315
C	2454	T	0.2352
C	2454	G	-3.9359
G	2455	C	-2.2285
G	2455	A	0.134
C	2456	T	-0.0303
C	2456	G	-0.9976
G	2457	A	0.2481
G	2457	C	0.4085
G	2458	C	-0.023
G	2458	A	0.1591
T	2459	A	-0.013
T	2459	C	0.3661
T	2459	G	-0.2581
C	2460	G	-0.0878
C	2460	T	0.2162
T	2461	C	0.486
T	2461	G	0.2845
T	2461	A	-0.0888
C	2462	T	-0.3766
C	2462	G	-0.2279
C	2463	G	-0.0764
C	2463	T	0.2672
C	2464	G	-0.6993
C	2464	T	-0.3239
C	2465	T	-0.1495
C	2465	G	-0.5256
G	2466	A	0.1642
G	2466	C	0.1275
T	2467	C	0.3339
T	2467	A	0.3267
T	2467	G	0.0871
C	2468	G	0.1286
C	2468	T	0.1819
T	2469	C	0.1772
T	2469	G	0.2461
T	2469	A	0.2513
G	2470	A	0.2461
G	2470	C	-0.2069
T	2471	G	-0.6641
T	2471	C	-0.1136
T	2471	A	-0.2939
G	2472	A	0.3646
G	2472	C	0.4674
C	2473	G	-0.2032
C	2473	T	0.1224
C	2474	T	-0.407
C	2474	G	-0.295
T	2475	G	-0.0648
T	2475	A	0.127
T	2475	C	0.2222
T	2476	A	0.1136
T	2476	C	0.1992
T	2476	G	0.2081
C	2477	G	0.0159
C	2477	T	-0.3011
T	2478	C	0.1331
T	2478	A	0.2328
T	2478	G	0.276
C	2479	T	-0.7558
C	2479	G	-2.5615
A	2480	G	0.3115
A	2480	C	-1.2079
A	2480	T	-1.7976
T	2481	C	0.2656
T	2481	G	-0.8073
T	2481	A	-0.8249
C	2482	G	0.1282
C	2482	T	0.5163
T	2483	G	0.3698
T	2483	A	0.3504
T	2483	C	0.2843
G	2484	C	0.6423
G	2484	A	0.2877
C	2485	G	-0.1593
C	2485	T	-0.0123
C	2486	G	-0.8664
C	2486	T	-0.2393
G	2487	C	0.4577
G	2487	A	0.3771
G	2488	C	0.1721
G	2488	A	-0.0745
T	2489	C	0.4212
T	2489	G	-0.1475
T	2489	A	0.4159
C	2490	G	0.0642
C	2490	T	0.4925
C	2491	T	0.0571
C	2491	G	-0.9765
G	2492	C	-3.1739
G	2492	A	0.0135
T	2493	G	0.2456
T	2493	C	0.359
T	2493	A	-0.0906
G	2494	A	-0.4698
G	2494	C	-0.4895
T	2495	C	-0.7558
T	2495	A	-3.107
T	2495	G	-2.887
G	2496	C	0.2598
G	2496	A	0.2341
C	2497	T	-0.0214
C	2497	G	-0.9309
A	2498	C	-4.0039
A	2498	T	-0.714
A	2498	G	0.3536
C	2499	T	0.1881
C	2499	G	-0.106
T	2500	C	-0.673
T	2500	A	-1.4278
T	2500	G	-1.7575
T	2501	C	-1.3374
T	2501	G	-2.7148
T	2501	A	-0.2719
C	2502	G	-1.8615
C	2502	T	0.558
G	2503	A	0.2543
G	2503	C	-0.1588
C	2504	G	-0.1019
C	2504	T	0.0189
T	2505	A	0.3238
T	2505	G	0.4271
T	2505	C	0.2183
T	2506	G	0.2677
T	2506	A	0.1615
T	2506	C	-0.0554
C	2507	G	-2.8947
C	2507	T	0.0451
A	2508	G	0.5609
A	2508	T	0.1473
A	2508	C	0.3005
C	2509	G	-0.1374
C	2509	T	0.0127
C	2510	G	-0.0827
C	2510	T	-0.0041
T	2511	C	0.4236
T	2511	A	-0.1113
T	2511	G	0.5893
C	2512	G	0.0854
C	2512	T	0.2208
T	2513	G	0.0216
T	2513	C	0.3032
T	2513	A	0.0655
G	2514	C	0.3585
G	2514	A	0.315
C	2515	T	0.5332
C	2515	G	-0.1064
A	2516	G	0.3069
A	2516	T	-0.8741
A	2516	C	-0.3025
C	2517	G	-0.021
C	2517	T	0.7809
G	2518	A	0.5255
G	2518	C	-0.4689
T	2519	A	0.6479
T	2519	G	-0.7114
T	2519	C	-0.3568
T	2520	A	0.0076
T	2520	C	0.6097
T	2520	G	0.2825
G	2521	A	0.6421
G	2521	C	0.3277
C	2522	G	-0.2255
C	2522	T	0.163
A	2523	G	0.5058
A	2523	T	0.2724
A	2523	C	0.4061
T	2524	C	0.1506
T	2524	G	-1.4099
T	2524	A	-1.0062
G	2525	C	-2.3625
G	2525	A	-0.9261
G	2526	C	-1.7225
G	2526	A	-0.7628
A	2527	T	-1.5255
A	2527	G	-1.0177
A	2527	C	0.2264
G	2528	C	-2.5748
G	2528	A	0.381
A	2529	G	0.5528
A	2529	C	-2.6421
A	2529	T	-2.9653
C	2530	G	-2.8893
C	2530	T	-0.9004
C	2531	T	-0.7561
C	2531	G	-2.9363
A	2532	C	0.4132
A	2532	G	0.4321
A	2532	T	0.6234
C	2533	T	-1.0857
C	2533	G	-3.3677
C	2534	G	-2.7711
C	2534	T	-1.3224
G	2535	C	0.2354
G	2535	A	0.4197
T	2536	A	-3.4223
T	2536	C	-1.7237
T	2536	G	-2.8562
G	2537	C	-2.8886
G	2537	A	0.0368
A	2538	G	-1.3793
A	2538	T	-3.2886
A	2538	C	-3.1603
